2026-04-28 15:04:26,830 [INFO] Activator:176 - 


2026-04-28 15:04:26,831 [INFO] Activator:177 - !SESSION log4j initialized
2026-04-28 15:04:29,842 [INFO] LogOutputStream:77 - [STDOUT_REDIRECT] 
2026-04-28 15:04:31,921 [INFO] ApplicationProperties:184 - Using Application install path: C:\ST\STM32CubeIDE_1.19.0\STM32CubeIDE\plugins\com.st.stm32cube.common.mx_6.15.0.202507011659
2026-04-28 15:04:31,939 [INFO] DbMcusXml:78 - Set database path to: C:\ST\STM32CubeIDE_1.19.0\STM32CubeIDE\plugins\com.st.stm32cube.common.mx_6.15.0.202507011659\\db\/mcu/
2026-04-28 15:04:31,939 [INFO] ApiDb:274 - Set plugin database path to: C:\ST\STM32CubeIDE_1.19.0\STM32CubeIDE\plugins\com.st.stm32cube.common.mx_6.15.0.202507011659\\db\/plugins/boardmanager/
2026-04-28 15:04:31,940 [WARN] ApiDb:259 - Overriding images path with different value:  => C:\ST\STM32CubeIDE_1.19.0\STM32CubeIDE\plugins\com.st.stm32cube.common.mx_6.15.0.202507011659\\db\/plugins/mcufinder/images/
2026-04-28 15:04:31,946 [INFO] ApiDb:250 - Set database path to: C:\Users\khale\.stmcufinder\plugins\mcufinder//mcu/
2026-04-28 15:04:31,947 [INFO] DbMcusAds:125 - Set database path to: C:\Users\khale\.stmcufinder\plugins\mcufinder//mcu/
2026-04-28 15:04:31,949 [INFO] CrossReferenceDbSqlite:203 - Set database path to: C:\Users\khale\.stmcufinder\plugins\mcufinder//mcu/cs/
2026-04-28 15:04:32,080 [INFO] RulesReader:64 - Compatibility file has been processed (317 Rules)
2026-04-28 15:04:32,190 [INFO] DbMcusXml:78 - Set database path to: C:\ST\STM32CubeIDE_1.19.0\STM32CubeIDE\plugins\com.st.stm32cube.common.mx_6.15.0.202507011659\\db\/mcu/
2026-04-28 15:04:32,190 [INFO] ApiDb:274 - Set plugin database path to: C:\ST\STM32CubeIDE_1.19.0\STM32CubeIDE\plugins\com.st.stm32cube.common.mx_6.15.0.202507011659\\db\/plugins/boardmanager/
2026-04-28 15:04:32,190 [INFO] ApiDb:261 - Set plugin images path to: C:\ST\STM32CubeIDE_1.19.0\STM32CubeIDE\plugins\com.st.stm32cube.common.mx_6.15.0.202507011659\\db\/plugins/mcufinder/images/
2026-04-28 15:04:32,191 [WARN] DbFile:41 - Overriding database path with different value: C:\Users\khale\.stmcufinder\plugins\mcufinder/ => C:\Users\khale\.stmcufinder\plugins\mcufinder
2026-04-28 15:04:32,191 [INFO] ApiDb:250 - Set database path to: C:\Users\khale\.stmcufinder\plugins\mcufinder//mcu/
2026-04-28 15:04:32,191 [WARN] DbFile:41 - Overriding database path with different value: C:\Users\khale\.stmcufinder\plugins\mcufinder/ => C:\Users\khale\.stmcufinder\plugins\mcufinder
2026-04-28 15:04:32,191 [INFO] DbMcusAds:125 - Set database path to: C:\Users\khale\.stmcufinder\plugins\mcufinder//mcu/
2026-04-28 15:04:32,191 [WARN] DbFile:41 - Overriding database path with different value: C:\Users\khale\.stmcufinder\plugins\mcufinder/ => C:\Users\khale\.stmcufinder\plugins\mcufinder
2026-04-28 15:04:32,191 [WARN] DbFile:41 - Overriding database path with different value: C:\Users\khale\.stmcufinder\plugins\mcufinder/ => C:\Users\khale\.stmcufinder\plugins\mcufinder
2026-04-28 15:04:32,191 [INFO] CrossReferenceDbSqlite:203 - Set database path to: C:\Users\khale\.stmcufinder\plugins\mcufinder//mcu/cs/
2026-04-28 15:04:32,295 [INFO] MainPanel:274 - HeapMemory: 268435456
2026-04-28 15:04:32,408 [INFO] DbMcusXml:78 - Set database path to: C:\ST\STM32CubeIDE_1.19.0\STM32CubeIDE\plugins\com.st.stm32cube.common.mx_6.15.0.202507011659\\db\/mcu/
2026-04-28 15:04:32,409 [INFO] ApiDb:274 - Set plugin database path to: C:\ST\STM32CubeIDE_1.19.0\STM32CubeIDE\plugins\com.st.stm32cube.common.mx_6.15.0.202507011659\\db\/plugins/boardmanager/
2026-04-28 15:04:32,409 [INFO] ApiDb:261 - Set plugin images path to: C:\ST\STM32CubeIDE_1.19.0\STM32CubeIDE\plugins\com.st.stm32cube.common.mx_6.15.0.202507011659\\db\/plugins/mcufinder/images/
2026-04-28 15:04:32,409 [WARN] DbFile:41 - Overriding database path with different value: C:\Users\khale\.stmcufinder\plugins\mcufinder/ => C:\Users\khale\.stmcufinder\plugins\mcufinder
2026-04-28 15:04:32,409 [INFO] ApiDb:250 - Set database path to: C:\Users\khale\.stmcufinder\plugins\mcufinder//mcu/
2026-04-28 15:04:32,409 [WARN] DbFile:41 - Overriding database path with different value: C:\Users\khale\.stmcufinder\plugins\mcufinder/ => C:\Users\khale\.stmcufinder\plugins\mcufinder
2026-04-28 15:04:32,409 [INFO] DbMcusAds:125 - Set database path to: C:\Users\khale\.stmcufinder\plugins\mcufinder//mcu/
2026-04-28 15:04:32,409 [WARN] DbFile:41 - Overriding database path with different value: C:\Users\khale\.stmcufinder\plugins\mcufinder/ => C:\Users\khale\.stmcufinder\plugins\mcufinder
2026-04-28 15:04:32,409 [WARN] DbFile:41 - Overriding database path with different value: C:\Users\khale\.stmcufinder\plugins\mcufinder/ => C:\Users\khale\.stmcufinder\plugins\mcufinder
2026-04-28 15:04:32,410 [INFO] CrossReferenceDbSqlite:203 - Set database path to: C:\Users\khale\.stmcufinder\plugins\mcufinder//mcu/cs/
2026-04-28 15:04:32,429 [INFO] ApplicationProperties:184 - Using Application install path: C:\ST\STM32CubeIDE_1.19.0\STM32CubeIDE\plugins\com.st.stm32cube.common.mx_6.15.0.202507011659
2026-04-28 15:04:32,430 [INFO] PluginManage:196 - Search for loadable plugins [exclusion list=, ]
2026-04-28 15:04:32,433 [INFO] PluginManage:310 - Check plugin analytics
2026-04-28 15:04:32,663 [INFO] AnalyticsPlugin:253 - Accepted Software Licenses: 
2026-04-28 15:04:32,663 [INFO] AnalyticsPlugin:255 - Accepted CMSIS Pack Licenses: 
2026-04-28 15:04:32,663 [INFO] AnalyticsPlugin:257 - Accepted Firmware Licenses: 
2026-04-28 15:04:32,668 [INFO] PluginManage:359 - Loaded plugin analytics (category:tool,tabindex:-1)
2026-04-28 15:04:32,668 [INFO] PluginManage:310 - Check plugin cadmodel
2026-04-28 15:04:32,679 [INFO] CADModel:105 - Init CAD model plugin
2026-04-28 15:04:32,679 [INFO] PluginManage:359 - Loaded plugin cadmodel (category:power,tabindex:5)
2026-04-28 15:04:32,679 [INFO] PluginManage:310 - Check plugin clock
2026-04-28 15:04:32,691 [INFO] PluginManage:359 - Loaded plugin clock (category:base,tabindex:2)
2026-04-28 15:04:32,691 [INFO] PluginManage:310 - Check plugin ddr
2026-04-28 15:04:32,693 [INFO] PluginManage:359 - Loaded plugin ddr (category:tool,tabindex:6)
2026-04-28 15:04:32,694 [INFO] PluginManage:310 - Check plugin filemanager
2026-04-28 15:04:32,881 [INFO] PluginManage:359 - Loaded plugin filemanager (category:base,tabindex:10)
2026-04-28 15:04:32,881 [INFO] PluginManage:310 - Check plugin ipmanager
2026-04-28 15:04:32,889 [INFO] PluginManage:359 - Loaded plugin ipmanager (category:base,tabindex:5)
2026-04-28 15:04:32,890 [INFO] PluginManage:310 - Check plugin lpbam
2026-04-28 15:04:32,898 [INFO] PluginManage:359 - Loaded plugin lpbam (category:base,tabindex:0)
2026-04-28 15:04:32,898 [INFO] PluginManage:310 - Check plugin memorymap
2026-04-28 15:04:32,912 [INFO] PluginManage:359 - Loaded plugin memorymap (category:base,tabindex:4)
2026-04-28 15:04:32,912 [INFO] PluginManage:310 - Check plugin pinoutandconfiguration
2026-04-28 15:04:32,921 [INFO] PluginManage:359 - Loaded plugin pinoutandconfiguration (category:base,tabindex:1)
2026-04-28 15:04:32,921 [INFO] PluginManage:310 - Check plugin pinoutconfig
2026-04-28 15:04:33,016 [WARN] SupportedApi:132 - Cannot load RTOS API schema: s4s-elt-must-match.1: The content of 'definitions' must match (annotation?, (simpleType | complexType)?, (unique | key | keyref)*)). A problem was found starting at: attribute.
2026-04-28 15:04:33,151 [INFO] PluginManage:359 - Loaded plugin pinoutconfig (category:base,tabindex:0)
2026-04-28 15:04:33,151 [INFO] PluginManage:310 - Check plugin power
2026-04-28 15:04:33,163 [INFO] PluginManage:359 - Loaded plugin power (category:power,tabindex:4)
2026-04-28 15:04:33,163 [INFO] PluginManage:310 - Check plugin projectmanager
2026-04-28 15:04:33,179 [INFO] PluginManage:359 - Loaded plugin projectmanager (category:projectmanager,tabindex:4)
2026-04-28 15:04:33,179 [INFO] PluginManage:310 - Check plugin rif
2026-04-28 15:04:33,189 [INFO] PluginManage:359 - Loaded plugin rif (category:base,tabindex:3)
2026-04-28 15:04:33,190 [INFO] PluginManage:310 - Check plugin thirdparty
2026-04-28 15:04:33,345 [INFO] PluginManage:359 - Loaded plugin thirdparty (category:base,tabindex:-1)
2026-04-28 15:04:33,345 [WARN] IntegrityCheckThread:84 - waiting for thirdparty lock release [integrity check]
2026-04-28 15:04:33,346 [INFO] IntegrityCheckThread:86 - entering critical section [integrity check]
2026-04-28 15:04:33,347 [INFO] PluginManage:310 - Check plugin tools
2026-04-28 15:04:33,347 [INFO] ThirdPartyUpdaterWithRetryManager:70 - Updater plugin not ready yet. [1/15]
2026-04-28 15:04:33,349 [INFO] PluginManage:359 - Loaded plugin tools (category:base,tabindex:7)
2026-04-28 15:04:33,349 [INFO] PluginManage:310 - Check plugin tutovideos
2026-04-28 15:04:33,592 [INFO] PluginManage:359 - Loaded plugin tutovideos (category:base,tabindex:-1)
2026-04-28 15:04:33,592 [INFO] PluginManage:310 - Check plugin updater
2026-04-28 15:04:33,625 [INFO] PluginManage:359 - Loaded plugin updater (category:base,tabindex:12)
2026-04-28 15:04:33,625 [INFO] PluginManage:310 - Check plugin userauth
2026-04-28 15:04:33,630 [INFO] UserAuth:118 - Init User Auth plugin
2026-04-28 15:04:33,631 [INFO] PluginManage:359 - Loaded plugin userauth (category:base,tabindex:14)
2026-04-28 15:04:33,632 [INFO] PluginManage:283 - PluginManage : Loaded plugins [18]
2026-04-28 15:04:33,932 [INFO] PinOutPanel:1589 - setPackage(No Configuration,No Configuration)
2026-04-28 15:04:34,066 [INFO] CADModel:165 - CPN selected for project level
2026-04-28 15:04:34,066 [INFO] CADModel:114 - Register for checkConnection events
2026-04-28 15:04:34,089 [INFO] IPUIPlugin:80 - create IPUIPlugin
2026-04-28 15:04:34,089 [INFO] PluginManager:220 - loadIPPluginJar : add adc
2026-04-28 15:04:34,092 [INFO] IPUIPlugin:80 - create IPUIPlugin
2026-04-28 15:04:34,093 [INFO] PluginManager:220 - loadIPPluginJar : add aes
2026-04-28 15:04:34,097 [INFO] IPUIPlugin:80 - create IPUIPlugin
2026-04-28 15:04:34,098 [INFO] PluginManager:220 - loadIPPluginJar : add can
2026-04-28 15:04:34,100 [INFO] IPUIPlugin:80 - create IPUIPlugin
2026-04-28 15:04:34,100 [INFO] PluginManager:220 - loadIPPluginJar : add comp
2026-04-28 15:04:34,105 [INFO] IPUIPlugin:80 - create IPUIPlugin
2026-04-28 15:04:34,105 [INFO] PluginManager:220 - loadIPPluginJar : add cryp
2026-04-28 15:04:34,108 [INFO] IPUIPlugin:80 - create IPUIPlugin
2026-04-28 15:04:34,108 [INFO] PluginManager:220 - loadIPPluginJar : add ddr_ctrl_phy
2026-04-28 15:04:34,112 [INFO] IPUIPlugin:80 - create IPUIPlugin
2026-04-28 15:04:34,113 [INFO] PluginManager:220 - loadIPPluginJar : add dfsdm
2026-04-28 15:04:34,121 [INFO] IPUIPlugin:80 - create IPUIPlugin
2026-04-28 15:04:34,122 [INFO] PluginManager:220 - loadIPPluginJar : add dma
2026-04-28 15:04:34,127 [INFO] IPUIPlugin:80 - create IPUIPlugin
2026-04-28 15:04:34,127 [INFO] PluginManager:220 - loadIPPluginJar : add dma3
2026-04-28 15:04:34,131 [INFO] IPUIPlugin:80 - create IPUIPlugin
2026-04-28 15:04:34,131 [INFO] PluginManager:220 - loadIPPluginJar : add extmemmanager
2026-04-28 15:04:34,133 [INFO] IPUIPlugin:80 - create IPUIPlugin
2026-04-28 15:04:34,133 [INFO] PluginManager:220 - loadIPPluginJar : add fatfs
2026-04-28 15:04:34,139 [INFO] IPUIPlugin:80 - create IPUIPlugin
2026-04-28 15:04:34,139 [INFO] PluginManager:220 - loadIPPluginJar : add fmc
2026-04-28 15:04:34,148 [INFO] IPUIPlugin:80 - create IPUIPlugin
2026-04-28 15:04:34,148 [INFO] PluginManager:220 - loadIPPluginJar : add freertos
2026-04-28 15:04:34,150 [INFO] IPUIPlugin:80 - create IPUIPlugin
2026-04-28 15:04:34,150 [INFO] PluginManager:220 - loadIPPluginJar : add genericplugin
2026-04-28 15:04:34,153 [INFO] IPUIPlugin:80 - create IPUIPlugin
2026-04-28 15:04:34,153 [INFO] PluginManager:220 - loadIPPluginJar : add gfxmmu
2026-04-28 15:04:34,158 [INFO] IPUIPlugin:80 - create IPUIPlugin
2026-04-28 15:04:34,159 [INFO] PluginManager:220 - loadIPPluginJar : add gic
2026-04-28 15:04:34,163 [INFO] IPUIPlugin:80 - create IPUIPlugin
2026-04-28 15:04:34,163 [INFO] PluginManager:220 - loadIPPluginJar : add gpio
2026-04-28 15:04:34,166 [INFO] IPUIPlugin:80 - create IPUIPlugin
2026-04-28 15:04:34,166 [INFO] PluginManager:220 - loadIPPluginJar : add gtzc
2026-04-28 15:04:34,170 [INFO] IPUIPlugin:80 - create IPUIPlugin
2026-04-28 15:04:34,170 [INFO] PluginManager:220 - loadIPPluginJar : add hash
2026-04-28 15:04:34,173 [INFO] IPUIPlugin:80 - create IPUIPlugin
2026-04-28 15:04:34,174 [INFO] PluginManager:220 - loadIPPluginJar : add i2c
2026-04-28 15:04:34,177 [INFO] IPUIPlugin:80 - create IPUIPlugin
2026-04-28 15:04:34,177 [INFO] PluginManager:220 - loadIPPluginJar : add i2s
2026-04-28 15:04:34,182 [INFO] IPUIPlugin:80 - create IPUIPlugin
2026-04-28 15:04:34,182 [INFO] PluginManager:220 - loadIPPluginJar : add i3c
2026-04-28 15:04:34,188 [INFO] IPUIPlugin:80 - create IPUIPlugin
2026-04-28 15:04:34,189 [INFO] PluginManager:220 - loadIPPluginJar : add ipddr
2026-04-28 15:04:34,197 [INFO] IPUIPlugin:80 - create IPUIPlugin
2026-04-28 15:04:34,198 [INFO] PluginManager:220 - loadIPPluginJar : add linkedlist
2026-04-28 15:04:34,202 [INFO] IPUIPlugin:80 - create IPUIPlugin
2026-04-28 15:04:34,202 [INFO] PluginManager:220 - loadIPPluginJar : add lorawan
2026-04-28 15:04:34,204 [INFO] IPUIPlugin:80 - create IPUIPlugin
2026-04-28 15:04:34,204 [INFO] PluginManager:220 - loadIPPluginJar : add ltdc
2026-04-28 15:04:34,211 [INFO] IPUIPlugin:80 - create IPUIPlugin
2026-04-28 15:04:34,211 [INFO] PluginManager:220 - loadIPPluginJar : add mdma
2026-04-28 15:04:34,215 [INFO] IPUIPlugin:80 - create IPUIPlugin
2026-04-28 15:04:34,215 [INFO] PluginManager:220 - loadIPPluginJar : add nvic
2026-04-28 15:04:34,217 [INFO] IPUIPlugin:80 - create IPUIPlugin
2026-04-28 15:04:34,217 [INFO] PluginManager:220 - loadIPPluginJar : add opamp
2026-04-28 15:04:34,221 [INFO] IPUIPlugin:80 - create IPUIPlugin
2026-04-28 15:04:34,221 [INFO] PluginManager:220 - loadIPPluginJar : add openamp
2026-04-28 15:04:34,224 [INFO] IPUIPlugin:80 - create IPUIPlugin
2026-04-28 15:04:34,224 [INFO] PluginManager:220 - loadIPPluginJar : add pdm2pcm
2026-04-28 15:04:34,230 [INFO] IPUIPlugin:80 - create IPUIPlugin
2026-04-28 15:04:34,232 [INFO] PluginManager:220 - loadIPPluginJar : add plateformsettings
2026-04-28 15:04:34,235 [INFO] IPUIPlugin:80 - create IPUIPlugin
2026-04-28 15:04:34,236 [INFO] PluginManager:220 - loadIPPluginJar : add quadspi
2026-04-28 15:04:34,240 [INFO] IPUIPlugin:80 - create IPUIPlugin
2026-04-28 15:04:34,241 [INFO] PluginManager:220 - loadIPPluginJar : add radio
2026-04-28 15:04:34,248 [INFO] IPUIPlugin:80 - create IPUIPlugin
2026-04-28 15:04:34,248 [INFO] PluginManager:220 - loadIPPluginJar : add resmgrutility
2026-04-28 15:04:34,254 [INFO] IPUIPlugin:80 - create IPUIPlugin
2026-04-28 15:04:34,254 [INFO] PluginManager:220 - loadIPPluginJar : add sai
2026-04-28 15:04:34,260 [INFO] IPUIPlugin:80 - create IPUIPlugin
2026-04-28 15:04:34,260 [INFO] PluginManager:220 - loadIPPluginJar : add spi
2026-04-28 15:04:34,270 [INFO] IPUIPlugin:80 - create IPUIPlugin
2026-04-28 15:04:34,271 [INFO] PluginManager:220 - loadIPPluginJar : add stm32_wpan
2026-04-28 15:04:34,274 [INFO] IPUIPlugin:80 - create IPUIPlugin
2026-04-28 15:04:34,274 [INFO] PluginManager:220 - loadIPPluginJar : add tim
2026-04-28 15:04:34,278 [INFO] IPUIPlugin:80 - create IPUIPlugin
2026-04-28 15:04:34,278 [INFO] PluginManager:220 - loadIPPluginJar : add touchsensing
2026-04-28 15:04:34,280 [INFO] IPUIPlugin:80 - create IPUIPlugin
2026-04-28 15:04:34,280 [INFO] PluginManager:220 - loadIPPluginJar : add tracer_emb
2026-04-28 15:04:34,282 [INFO] IPUIPlugin:80 - create IPUIPlugin
2026-04-28 15:04:34,282 [INFO] PluginManager:220 - loadIPPluginJar : add ts
2026-04-28 15:04:34,284 [INFO] IPUIPlugin:80 - create IPUIPlugin
2026-04-28 15:04:34,284 [INFO] PluginManager:220 - loadIPPluginJar : add tsc
2026-04-28 15:04:34,286 [INFO] IPUIPlugin:80 - create IPUIPlugin
2026-04-28 15:04:34,286 [INFO] PluginManager:220 - loadIPPluginJar : add ucpd
2026-04-28 15:04:34,289 [INFO] IPUIPlugin:80 - create IPUIPlugin
2026-04-28 15:04:34,289 [INFO] PluginManager:220 - loadIPPluginJar : add usart
2026-04-28 15:04:34,292 [INFO] IPUIPlugin:80 - create IPUIPlugin
2026-04-28 15:04:34,292 [INFO] PluginManager:220 - loadIPPluginJar : add usbx
2026-04-28 15:04:34,419 [FATAL] Updater:351 - Updater called before beeing initialized
2026-04-28 15:04:34,471 [INFO] RulesReader:64 - Compatibility file has been processed (317 Rules)
2026-04-28 15:04:34,491 [INFO] RulesReader:64 - Compatibility file has been processed (317 Rules)
2026-04-28 15:04:34,505 [INFO] CADModel:165 - CPN selected for project level
2026-04-28 15:04:34,506 [INFO] CADModel:114 - Register for checkConnection events
2026-04-28 15:04:34,506 [FATAL] Updater:351 - Updater called before beeing initialized
2026-04-28 15:04:34,506 [ERROR] CADModel:125 - Updater not yet initialized, retry later 
2026-04-28 15:04:34,679 [FATAL] Updater:351 - Updater called before beeing initialized
2026-04-28 15:04:34,681 [INFO] CADModel:165 - CPN selected for project level
2026-04-28 15:04:34,681 [INFO] CADModel:114 - Register for checkConnection events
2026-04-28 15:04:34,681 [FATAL] Updater:351 - Updater called before beeing initialized
2026-04-28 15:04:34,681 [ERROR] CADModel:125 - Updater not yet initialized, retry later 
2026-04-28 15:04:34,684 [FATAL] Updater:351 - Updater called before beeing initialized
2026-04-28 15:04:34,798 [FATAL] Updater:351 - Updater called before beeing initialized
2026-04-28 15:04:34,803 [INFO] DbMcusAds:53 - JSON generation date=Mon Apr 27 10:14:29 GMT+02:00 2026 (1777277669683)
2026-04-28 15:04:34,804 [FATAL] Updater:351 - Updater called before beeing initialized
2026-04-28 15:04:34,841 [WARN] DetailPanel:346 - Failed to get advertising image, set to default
2026-04-28 15:04:34,943 [FATAL] Updater:351 - Updater called before beeing initialized
2026-04-28 15:04:34,946 [FATAL] Updater:351 - Updater called before beeing initialized
2026-04-28 15:04:34,946 [FATAL] Updater:351 - Updater called before beeing initialized
2026-04-28 15:04:34,946 [WARN] DetailPanel:346 - Failed to get advertising image, set to default
2026-04-28 15:04:34,947 [FATAL] Updater:351 - Updater called before beeing initialized
2026-04-28 15:04:34,995 [ERROR] Updater:1198 - MainUpdater not yet initialized. External WinMGr cannot be set.
2026-04-28 15:04:34,996 [INFO] Updater:1134 - Updater Version found : 6.15.0
2026-04-28 15:04:35,016 [INFO] ApplicationProperties:184 - Using Application install path: C:\ST\STM32CubeIDE_1.19.0\STM32CubeIDE\plugins\com.st.stm32cube.common.mx_6.15.0.202507011659
2026-04-28 15:04:36,348 [INFO] ThirdPartyUpdaterWithRetryManager:70 - Updater plugin not ready yet. [2/15]
2026-04-28 15:04:36,593 [ERROR] LogOutputStream:75 - [STDERR_REDIRECT] Apr 28, 2026 3:04:36 PM java.util.prefs.WindowsPreferences <init>
2026-04-28 15:04:36,596 [ERROR] LogOutputStream:75 - [STDERR_REDIRECT] WARNING: Could not open/create prefs root node Software\JavaSoft\Prefs at root 0xffffffff80000002. Windows RegCreateKeyEx(...) returned error code 5.
2026-04-28 15:04:36,596 [ERROR] LogOutputStream:75 - [STDERR_REDIRECT] 
2026-04-28 15:04:37,077 [INFO] MainUpdater:2872 - connection check result : 10
2026-04-28 15:04:37,078 [INFO] MainUpdater:289 - Updater Check For Update Now.
2026-04-28 15:04:37,079 [INFO] MicroXplorer:498 - Change Database Version : DB.6.0.150
2026-04-28 15:04:37,091 [INFO] McuFinderGlobals:63 - Set McuFinder mode to 2 (CubeIDE integrated)
2026-04-28 15:04:37,094 [INFO] UserAuth:487 - Internet connection configuration mode: 1
2026-04-28 15:04:37,156 [INFO] JxBrowserEngine:152 - Initiate JxBrowser Engine with user profile folder
2026-04-28 15:04:37,291 [INFO] CheckServerUpdateThread:120 - End of CheckServer Thread
2026-04-28 15:04:37,602 [INFO] McuFinderGlobals:63 - Set McuFinder mode to 2 (CubeIDE integrated)
2026-04-28 15:04:37,606 [INFO] MainUpdater:2872 - connection check result : 10
2026-04-28 15:04:38,514 [INFO] ApiDb:581 - Connected to CubeFinder SQLite database (C:\Users\khale\.stmcufinder\plugins\mcufinder\mcu\cube-finder-db.db)
2026-04-28 15:04:38,587 [INFO] WebApp:169 - Instantiating new browser for Auth
2026-04-28 15:04:38,714 [INFO] ApiDb:668 - CubeFinder database Data Model version=2.1
2026-04-28 15:04:38,715 [INFO] ApiDb:669 - CubeFinder database Configuration version=3.0.42
2026-04-28 15:04:38,715 [INFO] ApiDb:670 - CubeFinder database generation date=2026-03-11 (1773229989)
2026-04-28 15:04:38,716 [INFO] ApiDb:671 - CubeFinder database FW Pack versions=[FP-ATR-ASTRA1_V2.0.0, FP-SNS-FLIGHT1_V5.1.0, FP-SNS-MOTENV1_V5.1.0, FP-SNS-MOTENVWB1_V1.5.0, FP-SNS-SMARTAG2_V1.2.0, FP-SNS-STBOX1_V2.1.0, STM32Cube_FW_C0_V1.4.0, STM32Cube_FW_F4_V1.28.3, STM32Cube_FW_F7_V1.17.4, STM32Cube_FW_G0_V1.6.3, STM32Cube_FW_G4_V1.6.2, STM32Cube_FW_H5_V1.6.0, STM32Cube_FW_H7RS_V1.3.0, STM32Cube_FW_H7_V1.13.0, STM32Cube_FW_L0_V1.12.2, STM32Cube_FW_L4_V1.18.2, STM32Cube_FW_L5_V1.6.0, STM32Cube_FW_N6_V1.3.0, STM32Cube_FW_U0_V1.3.0, STM32Cube_FW_U3_V1.3.0, STM32Cube_FW_U5_V1.8.0, STM32Cube_FW_WB0_V1.4.0, STM32Cube_FW_WBA_V1.9.0, STM32Cube_FW_WB_V1.24.0, STM32Cube_FW_WL3_V1.4.0, STM32Cube_FW_WL_V1.5.0, X-CUBE-ALGOBUILD_V1.4.0, X-CUBE-ALS_V1.0.2, X-CUBE-AZRTOS-F4_V1.1.0, X-CUBE-AZRTOS-F7_V1.1.0, X-CUBE-AZRTOS-G0_V1.1.0, X-CUBE-AZRTOS-G4_V2.0.0, X-CUBE-AZRTOS-H7RS_V1.1.0, X-CUBE-AZRTOS-H7_V3.4.0, X-CUBE-AZRTOS-L4_V2.0.0, X-CUBE-AZRTOS-L5_V2.0.0, X-CUBE-AZRTOS-WB_V2.0.0, X-CUBE-AZRTOS-WL_V2.0.0, X-CUBE-BLE1_V7.1.0, X-CUBE-BLE2_V3.3.0, X-CUBE-BLEMGR_V4.1.0, X-CUBE-EEPRMA1_V5.2.0, X-CUBE-FREERTOS_V1.5.0, X-CUBE-GNSS1_V6.0.0, X-CUBE-MEMS1_V12.0.0, X-CUBE-NFC4_V3.0.0, X-CUBE-NFC7_V2.0.0, X-CUBE-SFXS2LP1_V4.0.0, X-CUBE-ST67W61_V1.2.0, X-CUBE-SUBG2_V5.0.0, X-CUBE-TOF1_V3.4.3]
2026-04-28 15:04:39,777 [INFO] WebApp:463 - Apply proxy settings
2026-04-28 15:04:39,778 [INFO] WebApp:548 - Chromium requires no authentication
2026-04-28 15:04:39,805 [WARN] PackLoader:240 - Cannot read IP mode file for STMicroelectronics.X-CUBE-AZRTOS-H7.3.5.0
2026-04-28 15:04:39,836 [WARN] PackLoader:240 - Cannot read IP mode file for STMicroelectronics.FP-SNS-MOTENVWB1.1.4.0
2026-04-28 15:04:39,837 [INFO] WebApp:491 - Direct internet connection detected
2026-04-28 15:04:39,855 [WARN] PackLoader:240 - Cannot read IP mode file for STMicroelectronics.FP-ATR-ASTRA1.2.0.2
2026-04-28 15:04:39,877 [WARN] PackLoader:240 - Cannot read IP mode file for STMicroelectronics.X-CUBE-SMBUS.2.1.0
2026-04-28 15:04:39,890 [WARN] PackLoader:240 - Cannot read IP mode file for STMicroelectronics.X-CUBE-ST60.1.0.0
2026-04-28 15:04:39,951 [INFO] WebApp:900 - Register for checkConnection events
2026-04-28 15:04:39,951 [INFO] WebApp:463 - Apply proxy settings
2026-04-28 15:04:39,952 [INFO] WebApp:548 - Chromium requires no authentication
2026-04-28 15:04:39,953 [WARN] PackLoader:240 - Cannot read IP mode file for STMicroelectronics.X-CUBE-AZRTOS-F7.1.1.0
2026-04-28 15:04:39,956 [INFO] WebApp:491 - Direct internet connection detected
2026-04-28 15:04:39,974 [WARN] PackLoader:240 - Cannot read IP mode file for Cesanta.I-CUBE-Mongoose.7.19.0
2026-04-28 15:04:39,988 [WARN] PackLoader:240 - Cannot read IP mode file for STMicroelectronics.FP-SNS-MOTENV1.5.1.0
2026-04-28 15:04:40,024 [WARN] PackLoader:240 - Cannot read IP mode file for WES.I-CUBE-Cesium.1.4.0
2026-04-28 15:04:40,056 [WARN] PackLoader:240 - Cannot read IP mode file for Infineon.AIROC-Wi-Fi-Bluetooth-STM32.1.7.1
2026-04-28 15:04:40,080 [WARN] PackLoader:240 - Cannot read IP mode file for STMicroelectronics.X-CUBE-AZRTOS-H7.3.4.0
2026-04-28 15:04:40,101 [WARN] PackLoader:240 - Cannot read IP mode file for STMicroelectronics.X-CUBE-DISPLAY.3.0.0
2026-04-28 15:04:40,114 [WARN] PackLoader:240 - Cannot read IP mode file for STMicroelectronics.X-CUBE-GNSS1.7.1.1
2026-04-28 15:04:40,117 [WARN] PackLoader:240 - Cannot read IP mode file for STMicroelectronics.FP-SNS-MOTENVWB1.1.5.0
2026-04-28 15:04:40,123 [WARN] PackLoader:240 - Cannot read IP mode file for STMicroelectronics.X-CUBE-NFC10.1.0.0
2026-04-28 15:04:40,128 [WARN] PackLoader:240 - Cannot read IP mode file for STMicroelectronics.X-CUBE-ST60.1.1.0
2026-04-28 15:04:40,134 [WARN] PackLoader:240 - Cannot read IP mode file for emotas.I-CUBE-CANOPEN.1.3.0
2026-04-28 15:04:40,139 [WARN] PackLoader:240 - Cannot read IP mode file for STMicroelectronics.X-CUBE-GNSS1.7.1.0
2026-04-28 15:04:40,146 [WARN] PackLoader:240 - Cannot read IP mode file for STMicroelectronics.FP-SNS-STBOX1.2.1.0
2026-04-28 15:04:40,152 [WARN] PackLoader:240 - Cannot read IP mode file for STMicroelectronics.FP-SNS-SMARTAG2.1.2.0
2026-04-28 15:04:40,158 [WARN] PackLoader:240 - Cannot read IP mode file for STMicroelectronics.FP-SNS-FLIGHT1.5.1.0
2026-04-28 15:04:40,166 [INFO] LogOutputStream:77 - [STDOUT_REDIRECT] 1 : Invalid condition id : UX_CORESTACK_Condition cause : null
2026-04-28 15:04:40,167 [INFO] LogOutputStream:77 - [STDOUT_REDIRECT] 1 : Invalid condition id : UX_CORESTACK_Condition cause : null
2026-04-28 15:04:40,168 [INFO] LogOutputStream:77 - [STDOUT_REDIRECT] 1 : Invalid condition id : UX_CORESTACK_Condition cause : null
2026-04-28 15:04:40,169 [INFO] LogOutputStream:77 - [STDOUT_REDIRECT] 1 : Invalid condition id : UX_CORESTACK_Condition cause : null
2026-04-28 15:04:40,169 [INFO] LogOutputStream:77 - [STDOUT_REDIRECT] 1 : Invalid condition id : UX_CORESTACK_Condition cause : null
2026-04-28 15:04:40,171 [WARN] PackLoader:240 - Cannot read IP mode file for STMicroelectronics.X-CUBE-AZRTOS-WL.2.0.0
2026-04-28 15:04:40,175 [WARN] PackLoader:240 - Cannot read IP mode file for STMicroelectronics.FP-SNS-MOTENV1.5.0.0
2026-04-28 15:04:40,188 [WARN] PackLoader:240 - Cannot read IP mode file for STMicroelectronics.X-CUBE-AZRTOS-H7RS.1.2.0
2026-04-28 15:04:40,195 [WARN] PackLoader:240 - Cannot read IP mode file for STMicroelectronics.X-CUBE-BLE2.3.3.0
2026-04-28 15:04:40,219 [WARN] PackLoader:240 - Cannot read IP mode file for STMicroelectronics.X-CUBE-NFC9.1.0.0
2026-04-28 15:04:40,227 [WARN] PackLoader:240 - Cannot read IP mode file for wolfSSL.I-CUBE-wolfSSL.5.8.2
2026-04-28 15:04:40,233 [WARN] PackLoader:240 - Cannot read IP mode file for STMicroelectronics.X-CUBE-BLE1.7.1.0
2026-04-28 15:04:40,237 [WARN] PackLoader:240 - Cannot read IP mode file for wolfSSL.I-CUBE-wolfMQTT.1.19.2
2026-04-28 15:04:40,243 [WARN] PackLoader:240 - Cannot read IP mode file for STMicroelectronics.X-CUBE-FREERTOS.1.4.0
2026-04-28 15:04:40,248 [WARN] PackLoader:240 - Cannot read IP mode file for STMicroelectronics.X-CUBE-EEPRMA1.5.2.0
2026-04-28 15:04:40,258 [WARN] PackLoader:240 - Cannot read IP mode file for STMicroelectronics.X-CUBE-ST67W61.1.1.0
2026-04-28 15:04:40,270 [WARN] PackLoader:240 - Cannot read IP mode file for STMicroelectronics.FP-SNS-STAIOTCFT.1.1.0
2026-04-28 15:04:40,304 [INFO] WebApp:191 - Connection restablished
2026-04-28 15:04:40,308 [WARN] PackLoader:240 - Cannot read IP mode file for STMicroelectronics.X-CUBE-MEMS1.12.0.0
2026-04-28 15:04:40,425 [WARN] PackLoader:240 - Cannot read IP mode file for STMicroelectronics.X-CUBE-AZRTOS-G0.1.1.0
2026-04-28 15:04:40,466 [WARN] PackLoader:240 - Cannot read IP mode file for STMicroelectronics.X-CUBE-SAFEA1.1.2.2
2026-04-28 15:04:40,480 [WARN] PackLoader:240 - Cannot read IP mode file for STMicroelectronics.X-CUBE-NFC4.3.0.0
2026-04-28 15:04:40,499 [WARN] PackLoader:240 - Cannot read IP mode file for EmbeddedOffice.I-CUBE-FS-RTOS.1.0.1
2026-04-28 15:04:40,508 [INFO] WebApp:225 - Starting web application
2026-04-28 15:04:40,508 [INFO] WebApp:593 - Web application path used C:\ST\STM32CubeIDE_1.19.0\STM32CubeIDE\plugins\com.st.stm32cube.common.mx_6.15.0.202507011659\db\plugins\mcufinder\reactClient1\index.html
2026-04-28 15:04:40,510 [WARN] PackLoader:240 - Cannot read IP mode file for STMicroelectronics.X-CUBE-WB05N.2.0.0
2026-04-28 15:04:40,520 [WARN] PackLoader:240 - Cannot read IP mode file for wolfSSL.I-CUBE-wolfTPM.3.8.0
2026-04-28 15:04:40,530 [WARN] PackLoader:240 - Cannot read IP mode file for STMicroelectronics.X-CUBE-TCPP.4.2.0
2026-04-28 15:04:40,541 [WARN] PackLoader:240 - Cannot read IP mode file for RealThread.X-CUBE-RT-Thread_Nano.4.1.1
2026-04-28 15:04:40,550 [WARN] PackLoader:240 - Cannot read IP mode file for STMicroelectronics.FP-ATR-SIGFOX1.3.2.0
2026-04-28 15:04:40,557 [WARN] PackLoader:240 - Cannot read IP mode file for STMicroelectronics.X-CUBE-FREERTOS.1.5.0
2026-04-28 15:04:40,565 [WARN] PackLoader:240 - Cannot read IP mode file for ITTIA_DB.I-CUBE-ITTIADB.8.9.0
2026-04-28 15:04:40,575 [WARN] PackLoader:240 - Cannot read IP mode file for STMicroelectronics.X-CUBE-NFC6.3.2.0
2026-04-28 15:04:40,588 [WARN] PackLoader:240 - Cannot read IP mode file for STMicroelectronics.X-CUBE-ST67W61.1.0.0
2026-04-28 15:04:40,595 [WARN] PackLoader:240 - Cannot read IP mode file for STMicroelectronics.X-CUBE-AI.10.2.0
2026-04-28 15:04:40,639 [WARN] PackLoader:240 - Cannot read IP mode file for STMicroelectronics.X-CUBE-MEMS1.12.1.0
2026-04-28 15:04:40,659 [INFO] UserAuth:487 - Internet connection configuration mode: 1
2026-04-28 15:04:40,758 [WARN] PackLoader:240 - Cannot read IP mode file for SEGGER.I-CUBE-embOS.1.3.1
2026-04-28 15:04:40,796 [WARN] PackLoader:240 - Cannot read IP mode file for STMicroelectronics.X-CUBE-ALGOBUILD.1.4.0
2026-04-28 15:04:40,956 [WARN] PackLoader:240 - Cannot read IP mode file for STMicroelectronics.X-CUBE-MEMS1.11.3.0
2026-04-28 15:04:41,057 [WARN] PackLoader:240 - Cannot read IP mode file for STMicroelectronics.X-CUBE-PM33A1.1.0.0
2026-04-28 15:04:41,073 [WARN] PackLoader:240 - Cannot read IP mode file for STMicroelectronics.X-CUBE-AZRTOS-F4.1.1.0
2026-04-28 15:04:41,081 [WARN] PackLoader:240 - Cannot read IP mode file for STMicroelectronics.X-CUBE-ISPU.2.1.0
2026-04-28 15:04:41,094 [WARN] PackLoader:240 - Cannot read IP mode file for STMicroelectronics.X-CUBE-IPS.3.2.0
2026-04-28 15:04:41,105 [WARN] PackLoader:240 - Cannot read IP mode file for STMicroelectronics.eDS-WB_DPC_TT-BIDIR.2.1.1
2026-04-28 15:04:41,112 [WARN] PackLoader:240 - Cannot read IP mode file for STMicroelectronics.X-CUBE-NFC12.1.0.0
2026-04-28 15:04:41,128 [WARN] PackLoader:240 - Cannot read IP mode file for STMicroelectronics.X-CUBE-AZRTOS-L5.2.0.0
2026-04-28 15:04:41,138 [WARN] PackLoader:240 - Cannot read IP mode file for STMicroelectronics.X-CUBE-NFC6.3.1.0
2026-04-28 15:04:41,145 [WARN] PackLoader:240 - Cannot read IP mode file for STMicroelectronics.eDS-WB_DPC_VIENNA.1.2.0
2026-04-28 15:04:41,149 [WARN] PackLoader:240 - Cannot read IP mode file for STMicroelectronics.eDS-WB_DPC_3PH2L-BIDIR.1.1.1
2026-04-28 15:04:41,153 [ERROR] Engine:466 - C:\Users\khale\.stm32cubemx\thirdparties\pdsc\STMicroelectronics.X-CUBE-ST67W61.1.3.0.pdsc: PDSC version is not supported
2026-04-28 15:04:41,157 [WARN] PackLoader:240 - Cannot read IP mode file for STMicroelectronics.X-CUBE-FREERTOS.1.3.1
2026-04-28 15:04:41,177 [WARN] PackLoader:240 - Cannot read IP mode file for STMicroelectronics.X-CUBE-TOUCHGFX.4.26.0
2026-04-28 15:04:41,181 [WARN] PackLoader:240 - Cannot read IP mode file for STMicroelectronics.X-CUBE-TOUCHGFX.4.26.1
2026-04-28 15:04:41,184 [WARN] PackLoader:240 - Cannot read IP mode file for STMicroelectronics.FP-SNS-STAIOTCFT.1.0.0
2026-04-28 15:04:41,189 [WARN] PackLoader:240 - Cannot read IP mode file for STMicroelectronics.X-CUBE-DPower.1.3.0
2026-04-28 15:04:41,213 [WARN] ConditionMgr:438 - getConditionDescription Invalid condition id : LAN8742 Phy interface Condition cause : null
2026-04-28 15:04:41,214 [WARN] PackLoader:240 - Cannot read IP mode file for STMicroelectronics.X-CUBE-AZRTOS-L4.2.0.0
2026-04-28 15:04:41,216 [WARN] ConditionMgr:1044 - genDependencies : Invalid condition id : LAN8742 Phy interface Condition cause : null
2026-04-28 15:04:41,217 [WARN] ConditionMgr:1044 - genDependencies : Invalid condition id : LAN8742 Phy interface Condition cause : null
2026-04-28 15:04:41,218 [WARN] ConditionMgr:1044 - genDependencies : Invalid condition id : LAN8742 Phy interface Condition cause : null
2026-04-28 15:04:41,229 [WARN] PackLoader:240 - Cannot read IP mode file for STMicroelectronics.X-CUBE-SFXS2LP1.4.0.0
2026-04-28 15:04:41,236 [WARN] PackLoader:240 - Cannot read IP mode file for STMicroelectronics.X-CUBE-WB05N.2.1.0
2026-04-28 15:04:41,247 [WARN] PackLoader:240 - Cannot read IP mode file for STMicroelectronics.X-CUBE-BLEMGR.4.1.0
2026-04-28 15:04:41,281 [WARN] ConditionMgr:438 - getConditionDescription Invalid condition id : UX DEVICE CLASS RTOS Condition cause : null
2026-04-28 15:04:41,281 [WARN] ConditionMgr:438 - getConditionDescription Invalid condition id : UX DEVICE CLASS RTOS Condition cause : null
2026-04-28 15:04:41,283 [WARN] PackLoader:240 - Cannot read IP mode file for STMicroelectronics.X-CUBE-AZRTOS-WB.2.0.0
2026-04-28 15:04:41,284 [WARN] ConditionMgr:1044 - genDependencies : Invalid condition id : UX DEVICE CLASS RTOS Condition cause : null
2026-04-28 15:04:41,284 [WARN] ConditionMgr:1044 - genDependencies : Invalid condition id : UX DEVICE CLASS RTOS Condition cause : null
2026-04-28 15:04:41,285 [WARN] ConditionMgr:1044 - genDependencies : Invalid condition id : UX DEVICE CLASS RTOS Condition cause : null
2026-04-28 15:04:41,285 [WARN] ConditionMgr:1044 - genDependencies : Invalid condition id : UX DEVICE CLASS RTOS Condition cause : null
2026-04-28 15:04:41,285 [WARN] ConditionMgr:1044 - genDependencies : Invalid condition id : UX DEVICE CLASS RTOS Condition cause : null
2026-04-28 15:04:41,292 [WARN] PackLoader:240 - Cannot read IP mode file for STMicroelectronics.X-CUBE-GNSS1.7.0.1
2026-04-28 15:04:41,299 [WARN] ConditionMgr:438 - getConditionDescription Invalid condition id : Cortex-A Device cause : null
2026-04-28 15:04:41,316 [WARN] ConditionMgr:1044 - genDependencies : Invalid condition id : Cortex-A Device cause : null
2026-04-28 15:04:41,316 [WARN] ConditionMgr:1044 - genDependencies : Invalid condition id : Cortex-A Device cause : null
2026-04-28 15:04:41,316 [WARN] ConditionMgr:1044 - genDependencies : Invalid condition id : Cortex-A Device cause : null
2026-04-28 15:04:41,326 [WARN] PackLoader:240 - Cannot read IP mode file for STMicroelectronics.X-CUBE-STSE01.2.0.0
2026-04-28 15:04:41,337 [WARN] PackLoader:240 - Cannot read IP mode file for STMicroelectronics.X-CUBE-SUBG2.5.0.0
2026-04-28 15:04:41,351 [WARN] PackLoader:240 - Cannot read IP mode file for STMicroelectronics.X-CUBE-AZRTOS-H7RS.1.1.0
2026-04-28 15:04:41,364 [WARN] PackLoader:240 - Cannot read IP mode file for STMicroelectronics.X-CUBE-AZRTOS-G4.2.0.0
2026-04-28 15:04:41,370 [WARN] PackLoader:240 - Cannot read IP mode file for wolfSSL.I-CUBE-wolfSSH.1.4.20
2026-04-28 15:04:41,373 [WARN] PackLoader:240 - Cannot read IP mode file for STMicroelectronics.X-CUBE-NFC7.2.0.0
2026-04-28 15:04:41,382 [WARN] PackLoader:240 - Cannot read IP mode file for STMicroelectronics.X-CUBE-IPS.3.1.0
2026-04-28 15:04:41,389 [WARN] PackLoader:240 - Cannot read IP mode file for STMicroelectronics.X-CUBE-ALS.1.0.2
2026-04-28 15:04:41,394 [WARN] PackLoader:240 - Cannot read IP mode file for STMicroelectronics.X-CUBE-STSE01.1.0.0
2026-04-28 15:04:41,404 [WARN] PackLoader:240 - Cannot read IP mode file for STMicroelectronics.X-CUBE-TOF1.3.4.3
2026-04-28 15:04:41,414 [INFO] ThirdParty:978 - Integrity check success = true
2026-04-28 15:04:41,414 [INFO] IntegrityCheckThread:100 - exiting critical section [integrity check]
2026-04-28 15:04:41,414 [INFO] IntegrityCheckThread:103 - End integrity checks thread
2026-04-28 15:04:42,989 [INFO] ApiDb:240 - Found 880 in-development CPN: [B-G473E-ZEST1S, B-WB1M-WPAN1, B-WBA5M-WPAN, B-WL5M-SUBG1, NUCLEO-C031C6, NUCLEO-C051C8, NUCLEO-C071RB, NUCLEO-C092RC, NUCLEO-H503RB, NUCLEO-H533RE, NUCLEO-H563ZI, NUCLEO-H7S3L8, NUCLEO-N657X0-Q, NUCLEO-U031R8, NUCLEO-U083RC, NUCLEO-U385RG-Q, NUCLEO-U545RE-Q, NUCLEO-U5A5ZJ-Q, NUCLEO-WB05KZ, NUCLEO-WB07CC, NUCLEO-WB09KE, NUCLEO-WBA52CG, NUCLEO-WBA55CG, NUCLEO-WL33CC1, NUCLEO-WL33CC2, STEVAL-PROTEUS1, STEVAL-SMARTAG2, STEVAL-STWINBX1, STM320518-EVAL, STM32C0116-DK, STM32C011D6Y3TR, STM32C011D6Y6TR, STM32C011F4P3, STM32C011F4P6, STM32C011F4U3, STM32C011F4U6TR, STM32C011F6P3, STM32C011F6P6, STM32C011F6U3, STM32C011F6U6TR, STM32C011J4M3, STM32C011J4M6, STM32C011J6M3, STM32C011J6M6, STM32C0316-DK, STM32C031C4T3, STM32C031C4T6, STM32C031C4U3, STM32C031C4U6, STM32C031C6T3, STM32C031C6T6, STM32C031C6U3, STM32C031C6U6, STM32C031F4P3, STM32C031F4P6, STM32C031F6P3, STM32C031F6P6, STM32C031G4U3, STM32C031G4U6, STM32C031G6U3, STM32C031G6U6, STM32C031K4T3, STM32C031K4T6, STM32C031K4U3, STM32C031K4U6, STM32C031K6T3, STM32C031K6T6, STM32C031K6U3, STM32C031K6U6, STM32C051C6T6, STM32C051C6U6, STM32C051C8T6, STM32C051C8U6, STM32C051D8Y6TR, STM32C051F6P6, STM32C051F8P6, STM32C051G6U6, STM32C051G8U6, STM32C051K6T6, STM32C051K6U6, STM32C051K8T6, STM32C071C8T6, STM32C071C8T6N, STM32C071C8U6, STM32C071C8U6N, STM32C071CBT6, STM32C071CBT6N, STM32C071CBU6, STM32C071CBU6N, STM32C071F8P6, STM32C071F8P6N, STM32C071FBP6, STM32C071FBP6N, STM32C071FBY6TR, STM32C071G8U6, STM32C071G8U6N, STM32C071GBU6, STM32C071GBU6N, STM32C071K8T6, STM32C071K8T6N, STM32C071K8U6, STM32C071K8U6N, STM32C071KBT6, STM32C071KBT6N, STM32C071KBU6, STM32C071KBU6N, STM32C071R8T6, STM32C071R8T6N, STM32C071RBI6N, STM32C071RBT6, STM32C071RBT6N, STM32C091CBT6, STM32C091CBU6, STM32C091CCT6, STM32C091CCU6, STM32C091ECY6TR, STM32C091FBP6, STM32C091FCP6, STM32C091GBU6, STM32C091GCU6, STM32C091KBT6, STM32C091KBU6, STM32C091KCT6, STM32C091KCU6, STM32C091RBT6, STM32C091RCI6, STM32C091RCT6, STM32C092CBT6, STM32C092CBU6, STM32C092CCT6, STM32C092CCU6, STM32C092ECY6TR, STM32C092FBP6, STM32C092FCP6, STM32C092GBU6, STM32C092GCU6, STM32C092KBT6, STM32C092KBU6, STM32C092KCT6, STM32C092KCU6, STM32C092RBT6, STM32C092RCI6, STM32C092RCT6, STM32G071K8TXN, STM32G071K8UXN, STM32G081GBU6N, STM32G081KBT6N, STM32G081KBUXN, STM32G0B1CCT6N, STM32G0B1KCT6, STM32G0B1NEY6TR, STM32G0B1RCT6N, STM32G0C1CCT6, STM32G0C1CCT6N, STM32G0C1CCU6N, STM32G0C1CET6N, STM32G0C1CEU6N, STM32G0C1KCT6, STM32G0C1NEY6TR, STM32G0C1RCI6N, STM32G0C1RCT6N, STM32G0C1REI6N, STM32G0C1RET6N, STM32G0C1VCI6, STM32G0C1VEI6, STM32G411C6T3, STM32G411C6T6, STM32G411C6U3, STM32G411C6U6, STM32G411C8T3, STM32G411C8T6, STM32G411C8U3, STM32G411C8U6, STM32G411CBT3, STM32G411CBT6, STM32G411CBU3, STM32G411CBU6, STM32G411K6T3, STM32G411K6T6, STM32G411K6U3, STM32G411K6U6, STM32G411K8T3, STM32G411K8T6, STM32G411K8U3, STM32G411K8U6, STM32G411KBT3, STM32G411KBT6, STM32G411KBU3, STM32G411KBU6, STM32G411M6T3, STM32G411M6T6, STM32G411M8T3, STM32G411M8T6, STM32G411MBT3, STM32G411MBT6, STM32G411R6T3, STM32G411R6T6, STM32G411R8T3, STM32G411R8T6, STM32G411RBT3, STM32G411RBT6, STM32G414CBT3, STM32G414CBT6, STM32G414CBU3, STM32G414CBU6, STM32G414CCT3, STM32G414CCT6, STM32G414CCU3, STM32G414CCU6, STM32G414MBT3, STM32G414MBT6, STM32G414MCT3, STM32G414MCT6, STM32G414RBT3, STM32G414RBT6, STM32G414RCT3, STM32G414RCT6, STM32G414VBT3, STM32G414VBT6, STM32G414VCT3, STM32G414VCT6, STM32G431CBT3Z, STM32G431RBT3Z, STM32G471CCT6, STM32G471CCU6, STM32G471CET3, STM32G471CET6, STM32G471CEU3, STM32G471CEU6, STM32G471MCT6, STM32G471MET3, STM32G471MET6, STM32G471MEY6TR, STM32G471QCT6, STM32G471QET3, STM32G471RCT6, STM32G471RET3, STM32G471RET6, STM32G471VCH6, STM32G471VCI6, STM32G471VCT6, STM32G471VEH3, STM32G471VEH6, STM32G471VEI3, STM32G471VEI6, STM32G471VET3, STM32G471VET6, STM32G473QET3Z, STM32G473RET3Z, STM32G474CCT6, STM32G491RET3Z, STM32H503CBT6, STM32H503CBU6, STM32H503EBY6TR, STM32H503KBU6, STM32H503RBT6, STM32H523CCT6, STM32H523CCU6, STM32H523CET6, STM32H523CEU6, STM32H523HEY6TR, STM32H523RCT6, STM32H523RET6, STM32H523VCI6, STM32H523VCT6, STM32H523VEI6, STM32H523VET6, STM32H523ZCJ6, STM32H523ZCT6, STM32H523ZEJ6, STM32H523ZET6, STM32H533CET6, STM32H533CEU6, STM32H533HEY6TR, STM32H533RET6, STM32H533VEI6, STM32H533VET6, STM32H533ZEJ6, STM32H533ZET6, STM32H562AGI6, STM32H562AII6, STM32H562IGK6, STM32H562IGT6, STM32H562IIK6, STM32H562IIT6, STM32H562RGT6, STM32H562RGV6, STM32H562RIT6, STM32H562RIV6, STM32H562VGT6, STM32H562VIT6, STM32H562ZGT6, STM32H562ZIT6, STM32H563AGI6, STM32H563AII3Q, STM32H563AII6, STM32H563IGK6, STM32H563IGT6, STM32H563IIK3Q, STM32H563IIK6, STM32H563IIT3Q, STM32H563IIT6, STM32H563MIY3QTR, STM32H563RGT6, STM32H563RGV6, STM32H563RIT6, STM32H563RIV6, STM32H563VGT6, STM32H563VIT3Q, STM32H563VIT6, STM32H563ZGT6, STM32H563ZIT3Q, STM32H563ZIT6, STM32H573AII3Q, STM32H573AII6, STM32H573I-DK, STM32H573IIK3Q, STM32H573IIK6, STM32H573IIT3Q, STM32H573IIT6, STM32H573MIY3QTR, STM32H573RIT6, STM32H573RIV6, STM32H573VIT3Q, STM32H573VIT6, STM32H573ZIT3Q, STM32H573ZIT6, STM32H7R3A8I6, STM32H7R3I8K6, STM32H7R3I8T6, STM32H7R3L8H6, STM32H7R3L8H6H, STM32H7R3R8V6, STM32H7R3V8H6, STM32H7R3V8T6, STM32H7R3V8Y6TR, STM32H7R3Z8J6, STM32H7R3Z8T6, STM32H7R7A8I6, STM32H7R7I8K6, STM32H7R7I8T6, STM32H7R7L8H6, STM32H7R7L8H6H, STM32H7R7Z8J6, STM32H7S3A8I6, STM32H7S3I8K6, STM32H7S3I8T6, STM32H7S3L8H6, STM32H7S3L8H6H, STM32H7S3R8V6, STM32H7S3V8H6, STM32H7S3V8T6, STM32H7S3V8Y6TR, STM32H7S3Z8J6, STM32H7S3Z8T6, STM32H7S78-DK, STM32H7S7A8I6, STM32H7S7I8K6, STM32H7S7I8T6, STM32H7S7L8H6, STM32H7S7L8H6H, STM32H7S7Z8J6, STM32L4R5QGI6STR, STM32MP131AAE3, STM32MP131AAF3, STM32MP131AAG3, STM32MP131CAE3, STM32MP131CAF3, STM32MP131CAG3, STM32MP131DAE7, STM32MP131DAF7, STM32MP131DAG7, STM32MP131FAE7, STM32MP131FAF7, STM32MP131FAG7, STM32MP133AAE3, STM32MP133AAF3, STM32MP133AAG3, STM32MP133CAE3, STM32MP133CAF3, STM32MP133CAG3, STM32MP133DAE7, STM32MP133DAF7, STM32MP133DAG7, STM32MP133FAE7, STM32MP133FAF7, STM32MP133FAG7, STM32MP135AAE3, STM32MP135AAF3, STM32MP135AAG3, STM32MP135CAE3, STM32MP135CAF3, STM32MP135CAG3, STM32MP135DAE7, STM32MP135DAF7, STM32MP135DAG7, STM32MP135F-DK, STM32MP135FAE7, STM32MP135FAF7, STM32MP135FAF7T, STM32MP135FAF7U, STM32MP135FAG7, STM32MP211AAL3, STM32MP211AAM3, STM32MP211AAN3, STM32MP211AAO3, STM32MP211CAL3, STM32MP211CAM3, STM32MP211CAN3, STM32MP211CAO3, STM32MP211DAL3, STM32MP211DAM3, STM32MP211DAN3, STM32MP211DAO3, STM32MP211FAL3, STM32MP211FAM3, STM32MP211FAN3, STM32MP211FAO3, STM32MP213AAL3, STM32MP213AAM3, STM32MP213AAN3, STM32MP213AAO3, STM32MP213CAL3, STM32MP213CAM3, STM32MP213CAN3, STM32MP213CAO3, STM32MP213DAL3, STM32MP213DAM3, STM32MP213DAN3, STM32MP213DAO3, STM32MP213FAL3, STM32MP213FAM3, STM32MP213FAN3, STM32MP213FAO3, STM32MP215AAL3, STM32MP215AAM3, STM32MP215AAN3, STM32MP215AAO3, STM32MP215CAL3, STM32MP215CAM3, STM32MP215CAN3, STM32MP215CAO3, STM32MP215DAL3, STM32MP215DAM3, STM32MP215DAN3, STM32MP215DAO3, STM32MP215F-DK, STM32MP215FAL3, STM32MP215FAM3, STM32MP215FAN3, STM32MP215FAO3, STM32MP231AAJ3, STM32MP231AAK3, STM32MP231AAL3, STM32MP231CAJ3, STM32MP231CAK3, STM32MP231CAL3, STM32MP231DAJ3, STM32MP231DAK3, STM32MP231DAL3, STM32MP231FAJ3, STM32MP231FAK3, STM32MP231FAL3, STM32MP233AAJ3, STM32MP233AAK3, STM32MP233AAL3, STM32MP233CAJ3, STM32MP233CAK3, STM32MP233CAL3, STM32MP233DAJ3, STM32MP233DAK3, STM32MP233DAL3, STM32MP233FAJ3, STM32MP233FAK3, STM32MP233FAL3, STM32MP235AAJ3, STM32MP235AAK3, STM32MP235AAL3, STM32MP235CAJ3, STM32MP235CAK3, STM32MP235CAL3, STM32MP235DAJ3, STM32MP235DAK3, STM32MP235DAL3, STM32MP235FAJ3, STM32MP235FAK3, STM32MP235FAL3, STM32MP251AAI3, STM32MP251AAK3, STM32MP251AAL3, STM32MP251CAI3, STM32MP251CAK3, STM32MP251CAL3, STM32MP251DAI3, STM32MP251DAK3, STM32MP251DAL3, STM32MP251FAI3, STM32MP251FAK3, STM32MP251FAL3, STM32MP253AAI3, STM32MP253AAK3, STM32MP253AAL3, STM32MP253CAI3, STM32MP253CAK3, STM32MP253CAL3, STM32MP253DAI3, STM32MP253DAK3, STM32MP253DAL3, STM32MP253FAI3, STM32MP253FAK3, STM32MP253FAL3, STM32MP255AAI3, STM32MP255AAK3, STM32MP255AAL3, STM32MP255CAI3, STM32MP255CAK3, STM32MP255CAL3, STM32MP255DAI3, STM32MP255DAK3, STM32MP255DAL3, STM32MP255FAI3, STM32MP255FAK3, STM32MP255FAL3, STM32MP257AAI3, STM32MP257AAK3, STM32MP257AAL3, STM32MP257CAI3, STM32MP257CAK3, STM32MP257CAL3, STM32MP257DAI3, STM32MP257DAK3, STM32MP257DAL3, STM32MP257F-DK, STM32MP257F-EV1, STM32MP257FAI3, STM32MP257FAK3, STM32MP257FAL3, STM32N645A0H3Q, STM32N645B0H3Q, STM32N645I0H3Q, STM32N645L0H3Q, STM32N645X0H3Q, STM32N645Z0H3Q, STM32N647A0H3Q, STM32N647B0H3Q, STM32N647I0H3Q, STM32N647L0H3Q, STM32N647X0H3Q, STM32N647Z0H3Q, STM32N655A0H3Q, STM32N655B0H3Q, STM32N655I0H3Q, STM32N655L0H3Q, STM32N655X0H3Q, STM32N655Z0H3Q, STM32N6570-DK, STM32N657A0H3Q, STM32N657B0H3Q, STM32N657I0H3Q, STM32N657L0H3Q, STM32N657X0H3Q, STM32N657Z0H3Q, STM32U031C6T6, STM32U031C6U6, STM32U031C8T6, STM32U031C8U6, STM32U031F4P6, STM32U031F6P6, STM32U031F8P6, STM32U031G6Y6TR, STM32U031G8Y6TR, STM32U031K4U6, STM32U031K6U6, STM32U031K8U6, STM32U031R6I6, STM32U031R6T6, STM32U031R8I6, STM32U031R8T6, STM32U073C8T6, STM32U073C8U6, STM32U073CBT6, STM32U073CBU6, STM32U073CCT6, STM32U073CCU6, STM32U073H8Y6TR, STM32U073HBY6TR, STM32U073HCY6TR, STM32U073K8U6, STM32U073KBU6, STM32U073KCU6, STM32U073M8I6, STM32U073M8T6, STM32U073MBI6, STM32U073MBT6, STM32U073MCI6, STM32U073MCT6, STM32U073R8I6, STM32U073R8T6, STM32U073RBI6, STM32U073RBT6, STM32U073RCI6, STM32U073RCT6, STM32U083C-DK, STM32U083CCT6, STM32U083CCU6, STM32U083HCY6TR, STM32U083KCU6, STM32U083MCI6, STM32U083MCT6, STM32U083RCI6, STM32U083RCT6, STM32U375CET6, STM32U375CET6Q, STM32U375CEU6, STM32U375CEU6Q, STM32U375CEY6QTR, STM32U375CGT6, STM32U375CGT6Q, STM32U375CGU6, STM32U375CGU6Q, STM32U375CGY6QTR, STM32U375KEU6, STM32U375KGU6, STM32U375REI6, STM32U375REI6Q, STM32U375RET6, STM32U375RET6Q, STM32U375REY6GTR, STM32U375REY6QTR, STM32U375RGI6, STM32U375RGI6Q, STM32U375RGT6, STM32U375RGT6Q, STM32U375RGY6GTR, STM32U375RGY6QTR, STM32U375VEI6, STM32U375VEI6Q, STM32U375VET6, STM32U375VET6Q, STM32U375VGI6, STM32U375VGI6Q, STM32U375VGT6, STM32U375VGT6Q, STM32U385CGT6, STM32U385CGT6Q, STM32U385CGU6, STM32U385CGU6Q, STM32U385CGY6QTR, STM32U385KGU6, STM32U385RGI6, STM32U385RGI6Q, STM32U385RGT6, STM32U385RGT6Q, STM32U385RGY6GTR, STM32U385RGY6QTR, STM32U385VGI6, STM32U385VGI6Q, STM32U385VGT6, STM32U385VGT6Q, STM32U535CBT6, STM32U535CBT6Q, STM32U535CBU6, STM32U535CBU6Q, STM32U535CCT6, STM32U535CCT6Q, STM32U535CCU6, STM32U535CCU6Q, STM32U535CET6, STM32U535CET6Q, STM32U535CEU6, STM32U535CEU6Q, STM32U535JEY6QTR, STM32U535NCY6QTR, STM32U535NEY6QTR, STM32U535RBI6, STM32U535RBI6Q, STM32U535RBT6, STM32U535RBT6Q, STM32U535RCI6, STM32U535RCI6Q, STM32U535RCT6, STM32U535RCT6Q, STM32U535REI6, STM32U535REI6Q, STM32U535RET6, STM32U535RET6Q, STM32U535VCI6, STM32U535VCI6Q, STM32U535VCT6, STM32U535VCT6Q, STM32U535VEI6, STM32U535VEI6Q, STM32U535VET6, STM32U535VET6Q, STM32U545CET6, STM32U545CET6Q, STM32U545CEU6, STM32U545CEU6Q, STM32U545JEY6QTR, STM32U545NEY6QTR, STM32U545REI6, STM32U545REI6Q, STM32U545RET6, STM32U545RET6Q, STM32U545VEI6, STM32U545VEI6Q, STM32U545VET6, STM32U545VET6Q, STM32U595AIH6, STM32U595AIH6Q, STM32U595AJH6, STM32U595AJH6Q, STM32U595QII6, STM32U595QII6Q, STM32U595QJI6, STM32U595QJI6Q, STM32U595RIT6, STM32U595RIT6Q, STM32U595RJT6, STM32U595RJT6Q, STM32U595VIT6, STM32U595VIT6Q, STM32U595VJT6, STM32U595VJT6Q, STM32U595ZIT6, STM32U595ZIT6Q, STM32U595ZIY6QTR, STM32U595ZJT6, STM32U595ZJT6Q, STM32U595ZJY6QTR, STM32U599BJY6QTR, STM32U599NIH6Q, STM32U599NJH6Q, STM32U599VIT6Q, STM32U599VJT6, STM32U599VJT6Q, STM32U599ZIT6Q, STM32U599ZIY6QTR, STM32U599ZJT6Q, STM32U599ZJY6QTR, STM32U5A5AJH6, STM32U5A5AJH6Q, STM32U5A5QII3Q , STM32U5A5QJI6, STM32U5A5QJI6Q, STM32U5A5RJT6, STM32U5A5RJT6Q, STM32U5A5VJT6, STM32U5A5VJT6Q, STM32U5A5ZJT6, STM32U5A5ZJT6Q, STM32U5A5ZJY6QTR, STM32U5A9BJY6QTR, STM32U5A9J-DK, STM32U5A9NJH6Q, STM32U5A9VJT6Q, STM32U5A9ZJT6Q, STM32U5A9ZJY6QTR, STM32U5F7VIT6, STM32U5F7VIT6Q, STM32U5F7VJT6, STM32U5F7VJT6Q, STM32U5F9BJY6QTR, STM32U5F9NJH6Q, STM32U5F9VIT6Q, STM32U5F9VJT6Q, STM32U5F9ZIJ6QTR, STM32U5F9ZIT6Q, STM32U5F9ZJJ6QTR, STM32U5F9ZJT6Q, STM32U5G7VJT6, STM32U5G7VJT6Q, STM32U5G9BJY6QTR, STM32U5G9J-DK1, STM32U5G9J-DK2, STM32U5G9NJH6Q, STM32U5G9VJT6Q, STM32U5G9ZJJ6QTR, STM32U5G9ZJT6Q, STM32WB05KZV6TR, STM32WB05KZV7TR, STM32WB05TZF6TR, STM32WB05TZF7TR, STM32WB06CCF6TR, STM32WB06CCF7TR, STM32WB06CCV6TR, STM32WB06CCV7TR, STM32WB06KCV6TR, STM32WB06KCV7TR, STM32WB07CCF6TR, STM32WB07CCF7TR, STM32WB07CCV6TR, STM32WB07CCV7TR, STM32WB07KCV6TR, STM32WB07KCV7TR, STM32WB09KEV6TR, STM32WB09KEV7TR, STM32WB09TEF6TR, STM32WB09TEF7TR, STM32WB1MMCH6, STM32WBA50KGU6, STM32WBA50KGU6TR, STM32WBA52CEU6, STM32WBA52CEU6TR, STM32WBA52CEU7, STM32WBA52CEU7TR, STM32WBA52CGU6, STM32WBA52CGU6TR, STM32WBA52CGU6U, STM32WBA52CGU7, STM32WBA52CGU7TR, STM32WBA52KEU6, STM32WBA52KEU6TR, STM32WBA52KGU6, STM32WBA52KGU6TR, STM32WBA54CEU6, STM32WBA54CEU6TR, STM32WBA54CEU7, STM32WBA54CEU7TR, STM32WBA54CGU6, STM32WBA54CGU6TR, STM32WBA54CGU7, STM32WBA54CGU7TR, STM32WBA54KEU6, STM32WBA54KEU6TR, STM32WBA54KEU7, STM32WBA54KEU7TR, STM32WBA54KGU6, STM32WBA54KGU6TR, STM32WBA54KGU7, STM32WBA54KGU7TR, STM32WBA55CEU6, STM32WBA55CEU6TR, STM32WBA55CEU7, STM32WBA55CEU7TR, STM32WBA55CGU6, STM32WBA55CGU6TR, STM32WBA55CGU6U, STM32WBA55CGU7, STM32WBA55CGU7TR, STM32WBA55G-DK1, STM32WBA55HEF6, STM32WBA55HEF7, STM32WBA55HGF6, STM32WBA55HGF7, STM32WBA55UEI6, STM32WBA55UEI6TR, STM32WBA55UEI7, STM32WBA55UEI7TR, STM32WBA55UGI6, STM32WBA55UGI6TR, STM32WBA55UGI7, STM32WBA55UGI7TR, STM32WBA5MMGH6TR, STM32WBA62MGF6, STM32WBA62MIF6, STM32WBA65MGF7, STM32WBA65MIF6, STM32WBA65MIF7, STM32WL30K8V6, STM32WL30KBV6, STM32WL31C8V6, STM32WL31CBV6, STM32WL31K8V6, STM32WL31KBV6, STM32WL33C8V6, STM32WL33C8V6X, STM32WL33CBV6, STM32WL33CBV6X, STM32WL33CCV6, STM32WL33CCV6A, STM32WL33CCV6X, STM32WL33K8V7, STM32WL33K8V7X, STM32WL33KBV7 , STM32WL33KBV7X, STM32WL33KCV7, STM32WL33KCV7X, STM32WL5MOCH6, STM32WL5MOCH6TR]
2026-04-28 15:04:42,997 [INFO] DbMcus:218 - Found 5055 MCUs, 4968 are supported
2026-04-28 15:04:42,998 [INFO] ApiDb:423 - Load user favorites file C:\Users\khale/.stm32cubeide/favorites.mcus.txt: 1 item(s)
2026-04-28 15:04:42,998 [INFO] ApiDb:427 - User favorites MCUs=[STM32C011F4P7]
2026-04-28 15:04:42,998 [INFO] DbMcus:224 - Set 1 / 1 favorites MCUs
2026-04-28 15:04:43,483 [INFO] ApiDb:668 - CubeFinder database Data Model version=2.1
2026-04-28 15:04:43,483 [INFO] ApiDb:669 - CubeFinder database Configuration version=3.0.42
2026-04-28 15:04:43,483 [INFO] ApiDb:670 - CubeFinder database generation date=2026-03-11 (1773229989)
2026-04-28 15:04:43,483 [INFO] ApiDb:671 - CubeFinder database FW Pack versions=[FP-ATR-ASTRA1_V2.0.0, FP-SNS-FLIGHT1_V5.1.0, FP-SNS-MOTENV1_V5.1.0, FP-SNS-MOTENVWB1_V1.5.0, FP-SNS-SMARTAG2_V1.2.0, FP-SNS-STBOX1_V2.1.0, STM32Cube_FW_C0_V1.4.0, STM32Cube_FW_F4_V1.28.3, STM32Cube_FW_F7_V1.17.4, STM32Cube_FW_G0_V1.6.3, STM32Cube_FW_G4_V1.6.2, STM32Cube_FW_H5_V1.6.0, STM32Cube_FW_H7RS_V1.3.0, STM32Cube_FW_H7_V1.13.0, STM32Cube_FW_L0_V1.12.2, STM32Cube_FW_L4_V1.18.2, STM32Cube_FW_L5_V1.6.0, STM32Cube_FW_N6_V1.3.0, STM32Cube_FW_U0_V1.3.0, STM32Cube_FW_U3_V1.3.0, STM32Cube_FW_U5_V1.8.0, STM32Cube_FW_WB0_V1.4.0, STM32Cube_FW_WBA_V1.9.0, STM32Cube_FW_WB_V1.24.0, STM32Cube_FW_WL3_V1.4.0, STM32Cube_FW_WL_V1.5.0, X-CUBE-ALGOBUILD_V1.4.0, X-CUBE-ALS_V1.0.2, X-CUBE-AZRTOS-F4_V1.1.0, X-CUBE-AZRTOS-F7_V1.1.0, X-CUBE-AZRTOS-G0_V1.1.0, X-CUBE-AZRTOS-G4_V2.0.0, X-CUBE-AZRTOS-H7RS_V1.1.0, X-CUBE-AZRTOS-H7_V3.4.0, X-CUBE-AZRTOS-L4_V2.0.0, X-CUBE-AZRTOS-L5_V2.0.0, X-CUBE-AZRTOS-WB_V2.0.0, X-CUBE-AZRTOS-WL_V2.0.0, X-CUBE-BLE1_V7.1.0, X-CUBE-BLE2_V3.3.0, X-CUBE-BLEMGR_V4.1.0, X-CUBE-EEPRMA1_V5.2.0, X-CUBE-FREERTOS_V1.5.0, X-CUBE-GNSS1_V6.0.0, X-CUBE-MEMS1_V12.0.0, X-CUBE-NFC4_V3.0.0, X-CUBE-NFC7_V2.0.0, X-CUBE-SFXS2LP1_V4.0.0, X-CUBE-ST67W61_V1.2.0, X-CUBE-SUBG2_V5.0.0, X-CUBE-TOF1_V3.4.3]
2026-04-28 15:04:43,557 [INFO] DbBoardsSqlite:226 - include board P-NUCLEO-WB55-NUCLEO as a kit item of type 'Nucleo-64'
2026-04-28 15:04:43,557 [INFO] DbBoardsSqlite:226 - include board P-NUCLEO-WB55-USBDONGLE as a kit item of type 'Nucleo USB Dongle'
2026-04-28 15:04:43,557 [INFO] DbBoardsSqlite:226 - include board STEVAL-IDP005V1 as a kit item of type 'Evaluation Board'
2026-04-28 15:04:43,558 [INFO] DbBoardsSqlite:226 - include board STEVAL-IDP005V2 as a kit item of type 'Evaluation Board'
2026-04-28 15:04:43,656 [INFO] ApiDb:240 - Found 880 in-development CPN: [B-G473E-ZEST1S, B-WB1M-WPAN1, B-WBA5M-WPAN, B-WL5M-SUBG1, NUCLEO-C031C6, NUCLEO-C051C8, NUCLEO-C071RB, NUCLEO-C092RC, NUCLEO-H503RB, NUCLEO-H533RE, NUCLEO-H563ZI, NUCLEO-H7S3L8, NUCLEO-N657X0-Q, NUCLEO-U031R8, NUCLEO-U083RC, NUCLEO-U385RG-Q, NUCLEO-U545RE-Q, NUCLEO-U5A5ZJ-Q, NUCLEO-WB05KZ, NUCLEO-WB07CC, NUCLEO-WB09KE, NUCLEO-WBA52CG, NUCLEO-WBA55CG, NUCLEO-WL33CC1, NUCLEO-WL33CC2, STEVAL-PROTEUS1, STEVAL-SMARTAG2, STEVAL-STWINBX1, STM320518-EVAL, STM32C0116-DK, STM32C011D6Y3TR, STM32C011D6Y6TR, STM32C011F4P3, STM32C011F4P6, STM32C011F4U3, STM32C011F4U6TR, STM32C011F6P3, STM32C011F6P6, STM32C011F6U3, STM32C011F6U6TR, STM32C011J4M3, STM32C011J4M6, STM32C011J6M3, STM32C011J6M6, STM32C0316-DK, STM32C031C4T3, STM32C031C4T6, STM32C031C4U3, STM32C031C4U6, STM32C031C6T3, STM32C031C6T6, STM32C031C6U3, STM32C031C6U6, STM32C031F4P3, STM32C031F4P6, STM32C031F6P3, STM32C031F6P6, STM32C031G4U3, STM32C031G4U6, STM32C031G6U3, STM32C031G6U6, STM32C031K4T3, STM32C031K4T6, STM32C031K4U3, STM32C031K4U6, STM32C031K6T3, STM32C031K6T6, STM32C031K6U3, STM32C031K6U6, STM32C051C6T6, STM32C051C6U6, STM32C051C8T6, STM32C051C8U6, STM32C051D8Y6TR, STM32C051F6P6, STM32C051F8P6, STM32C051G6U6, STM32C051G8U6, STM32C051K6T6, STM32C051K6U6, STM32C051K8T6, STM32C071C8T6, STM32C071C8T6N, STM32C071C8U6, STM32C071C8U6N, STM32C071CBT6, STM32C071CBT6N, STM32C071CBU6, STM32C071CBU6N, STM32C071F8P6, STM32C071F8P6N, STM32C071FBP6, STM32C071FBP6N, STM32C071FBY6TR, STM32C071G8U6, STM32C071G8U6N, STM32C071GBU6, STM32C071GBU6N, STM32C071K8T6, STM32C071K8T6N, STM32C071K8U6, STM32C071K8U6N, STM32C071KBT6, STM32C071KBT6N, STM32C071KBU6, STM32C071KBU6N, STM32C071R8T6, STM32C071R8T6N, STM32C071RBI6N, STM32C071RBT6, STM32C071RBT6N, STM32C091CBT6, STM32C091CBU6, STM32C091CCT6, STM32C091CCU6, STM32C091ECY6TR, STM32C091FBP6, STM32C091FCP6, STM32C091GBU6, STM32C091GCU6, STM32C091KBT6, STM32C091KBU6, STM32C091KCT6, STM32C091KCU6, STM32C091RBT6, STM32C091RCI6, STM32C091RCT6, STM32C092CBT6, STM32C092CBU6, STM32C092CCT6, STM32C092CCU6, STM32C092ECY6TR, STM32C092FBP6, STM32C092FCP6, STM32C092GBU6, STM32C092GCU6, STM32C092KBT6, STM32C092KBU6, STM32C092KCT6, STM32C092KCU6, STM32C092RBT6, STM32C092RCI6, STM32C092RCT6, STM32G071K8TXN, STM32G071K8UXN, STM32G081GBU6N, STM32G081KBT6N, STM32G081KBUXN, STM32G0B1CCT6N, STM32G0B1KCT6, STM32G0B1NEY6TR, STM32G0B1RCT6N, STM32G0C1CCT6, STM32G0C1CCT6N, STM32G0C1CCU6N, STM32G0C1CET6N, STM32G0C1CEU6N, STM32G0C1KCT6, STM32G0C1NEY6TR, STM32G0C1RCI6N, STM32G0C1RCT6N, STM32G0C1REI6N, STM32G0C1RET6N, STM32G0C1VCI6, STM32G0C1VEI6, STM32G411C6T3, STM32G411C6T6, STM32G411C6U3, STM32G411C6U6, STM32G411C8T3, STM32G411C8T6, STM32G411C8U3, STM32G411C8U6, STM32G411CBT3, STM32G411CBT6, STM32G411CBU3, STM32G411CBU6, STM32G411K6T3, STM32G411K6T6, STM32G411K6U3, STM32G411K6U6, STM32G411K8T3, STM32G411K8T6, STM32G411K8U3, STM32G411K8U6, STM32G411KBT3, STM32G411KBT6, STM32G411KBU3, STM32G411KBU6, STM32G411M6T3, STM32G411M6T6, STM32G411M8T3, STM32G411M8T6, STM32G411MBT3, STM32G411MBT6, STM32G411R6T3, STM32G411R6T6, STM32G411R8T3, STM32G411R8T6, STM32G411RBT3, STM32G411RBT6, STM32G414CBT3, STM32G414CBT6, STM32G414CBU3, STM32G414CBU6, STM32G414CCT3, STM32G414CCT6, STM32G414CCU3, STM32G414CCU6, STM32G414MBT3, STM32G414MBT6, STM32G414MCT3, STM32G414MCT6, STM32G414RBT3, STM32G414RBT6, STM32G414RCT3, STM32G414RCT6, STM32G414VBT3, STM32G414VBT6, STM32G414VCT3, STM32G414VCT6, STM32G431CBT3Z, STM32G431RBT3Z, STM32G471CCT6, STM32G471CCU6, STM32G471CET3, STM32G471CET6, STM32G471CEU3, STM32G471CEU6, STM32G471MCT6, STM32G471MET3, STM32G471MET6, STM32G471MEY6TR, STM32G471QCT6, STM32G471QET3, STM32G471RCT6, STM32G471RET3, STM32G471RET6, STM32G471VCH6, STM32G471VCI6, STM32G471VCT6, STM32G471VEH3, STM32G471VEH6, STM32G471VEI3, STM32G471VEI6, STM32G471VET3, STM32G471VET6, STM32G473QET3Z, STM32G473RET3Z, STM32G474CCT6, STM32G491RET3Z, STM32H503CBT6, STM32H503CBU6, STM32H503EBY6TR, STM32H503KBU6, STM32H503RBT6, STM32H523CCT6, STM32H523CCU6, STM32H523CET6, STM32H523CEU6, STM32H523HEY6TR, STM32H523RCT6, STM32H523RET6, STM32H523VCI6, STM32H523VCT6, STM32H523VEI6, STM32H523VET6, STM32H523ZCJ6, STM32H523ZCT6, STM32H523ZEJ6, STM32H523ZET6, STM32H533CET6, STM32H533CEU6, STM32H533HEY6TR, STM32H533RET6, STM32H533VEI6, STM32H533VET6, STM32H533ZEJ6, STM32H533ZET6, STM32H562AGI6, STM32H562AII6, STM32H562IGK6, STM32H562IGT6, STM32H562IIK6, STM32H562IIT6, STM32H562RGT6, STM32H562RGV6, STM32H562RIT6, STM32H562RIV6, STM32H562VGT6, STM32H562VIT6, STM32H562ZGT6, STM32H562ZIT6, STM32H563AGI6, STM32H563AII3Q, STM32H563AII6, STM32H563IGK6, STM32H563IGT6, STM32H563IIK3Q, STM32H563IIK6, STM32H563IIT3Q, STM32H563IIT6, STM32H563MIY3QTR, STM32H563RGT6, STM32H563RGV6, STM32H563RIT6, STM32H563RIV6, STM32H563VGT6, STM32H563VIT3Q, STM32H563VIT6, STM32H563ZGT6, STM32H563ZIT3Q, STM32H563ZIT6, STM32H573AII3Q, STM32H573AII6, STM32H573I-DK, STM32H573IIK3Q, STM32H573IIK6, STM32H573IIT3Q, STM32H573IIT6, STM32H573MIY3QTR, STM32H573RIT6, STM32H573RIV6, STM32H573VIT3Q, STM32H573VIT6, STM32H573ZIT3Q, STM32H573ZIT6, STM32H7R3A8I6, STM32H7R3I8K6, STM32H7R3I8T6, STM32H7R3L8H6, STM32H7R3L8H6H, STM32H7R3R8V6, STM32H7R3V8H6, STM32H7R3V8T6, STM32H7R3V8Y6TR, STM32H7R3Z8J6, STM32H7R3Z8T6, STM32H7R7A8I6, STM32H7R7I8K6, STM32H7R7I8T6, STM32H7R7L8H6, STM32H7R7L8H6H, STM32H7R7Z8J6, STM32H7S3A8I6, STM32H7S3I8K6, STM32H7S3I8T6, STM32H7S3L8H6, STM32H7S3L8H6H, STM32H7S3R8V6, STM32H7S3V8H6, STM32H7S3V8T6, STM32H7S3V8Y6TR, STM32H7S3Z8J6, STM32H7S3Z8T6, STM32H7S78-DK, STM32H7S7A8I6, STM32H7S7I8K6, STM32H7S7I8T6, STM32H7S7L8H6, STM32H7S7L8H6H, STM32H7S7Z8J6, STM32L4R5QGI6STR, STM32MP131AAE3, STM32MP131AAF3, STM32MP131AAG3, STM32MP131CAE3, STM32MP131CAF3, STM32MP131CAG3, STM32MP131DAE7, STM32MP131DAF7, STM32MP131DAG7, STM32MP131FAE7, STM32MP131FAF7, STM32MP131FAG7, STM32MP133AAE3, STM32MP133AAF3, STM32MP133AAG3, STM32MP133CAE3, STM32MP133CAF3, STM32MP133CAG3, STM32MP133DAE7, STM32MP133DAF7, STM32MP133DAG7, STM32MP133FAE7, STM32MP133FAF7, STM32MP133FAG7, STM32MP135AAE3, STM32MP135AAF3, STM32MP135AAG3, STM32MP135CAE3, STM32MP135CAF3, STM32MP135CAG3, STM32MP135DAE7, STM32MP135DAF7, STM32MP135DAG7, STM32MP135F-DK, STM32MP135FAE7, STM32MP135FAF7, STM32MP135FAF7T, STM32MP135FAF7U, STM32MP135FAG7, STM32MP211AAL3, STM32MP211AAM3, STM32MP211AAN3, STM32MP211AAO3, STM32MP211CAL3, STM32MP211CAM3, STM32MP211CAN3, STM32MP211CAO3, STM32MP211DAL3, STM32MP211DAM3, STM32MP211DAN3, STM32MP211DAO3, STM32MP211FAL3, STM32MP211FAM3, STM32MP211FAN3, STM32MP211FAO3, STM32MP213AAL3, STM32MP213AAM3, STM32MP213AAN3, STM32MP213AAO3, STM32MP213CAL3, STM32MP213CAM3, STM32MP213CAN3, STM32MP213CAO3, STM32MP213DAL3, STM32MP213DAM3, STM32MP213DAN3, STM32MP213DAO3, STM32MP213FAL3, STM32MP213FAM3, STM32MP213FAN3, STM32MP213FAO3, STM32MP215AAL3, STM32MP215AAM3, STM32MP215AAN3, STM32MP215AAO3, STM32MP215CAL3, STM32MP215CAM3, STM32MP215CAN3, STM32MP215CAO3, STM32MP215DAL3, STM32MP215DAM3, STM32MP215DAN3, STM32MP215DAO3, STM32MP215F-DK, STM32MP215FAL3, STM32MP215FAM3, STM32MP215FAN3, STM32MP215FAO3, STM32MP231AAJ3, STM32MP231AAK3, STM32MP231AAL3, STM32MP231CAJ3, STM32MP231CAK3, STM32MP231CAL3, STM32MP231DAJ3, STM32MP231DAK3, STM32MP231DAL3, STM32MP231FAJ3, STM32MP231FAK3, STM32MP231FAL3, STM32MP233AAJ3, STM32MP233AAK3, STM32MP233AAL3, STM32MP233CAJ3, STM32MP233CAK3, STM32MP233CAL3, STM32MP233DAJ3, STM32MP233DAK3, STM32MP233DAL3, STM32MP233FAJ3, STM32MP233FAK3, STM32MP233FAL3, STM32MP235AAJ3, STM32MP235AAK3, STM32MP235AAL3, STM32MP235CAJ3, STM32MP235CAK3, STM32MP235CAL3, STM32MP235DAJ3, STM32MP235DAK3, STM32MP235DAL3, STM32MP235FAJ3, STM32MP235FAK3, STM32MP235FAL3, STM32MP251AAI3, STM32MP251AAK3, STM32MP251AAL3, STM32MP251CAI3, STM32MP251CAK3, STM32MP251CAL3, STM32MP251DAI3, STM32MP251DAK3, STM32MP251DAL3, STM32MP251FAI3, STM32MP251FAK3, STM32MP251FAL3, STM32MP253AAI3, STM32MP253AAK3, STM32MP253AAL3, STM32MP253CAI3, STM32MP253CAK3, STM32MP253CAL3, STM32MP253DAI3, STM32MP253DAK3, STM32MP253DAL3, STM32MP253FAI3, STM32MP253FAK3, STM32MP253FAL3, STM32MP255AAI3, STM32MP255AAK3, STM32MP255AAL3, STM32MP255CAI3, STM32MP255CAK3, STM32MP255CAL3, STM32MP255DAI3, STM32MP255DAK3, STM32MP255DAL3, STM32MP255FAI3, STM32MP255FAK3, STM32MP255FAL3, STM32MP257AAI3, STM32MP257AAK3, STM32MP257AAL3, STM32MP257CAI3, STM32MP257CAK3, STM32MP257CAL3, STM32MP257DAI3, STM32MP257DAK3, STM32MP257DAL3, STM32MP257F-DK, STM32MP257F-EV1, STM32MP257FAI3, STM32MP257FAK3, STM32MP257FAL3, STM32N645A0H3Q, STM32N645B0H3Q, STM32N645I0H3Q, STM32N645L0H3Q, STM32N645X0H3Q, STM32N645Z0H3Q, STM32N647A0H3Q, STM32N647B0H3Q, STM32N647I0H3Q, STM32N647L0H3Q, STM32N647X0H3Q, STM32N647Z0H3Q, STM32N655A0H3Q, STM32N655B0H3Q, STM32N655I0H3Q, STM32N655L0H3Q, STM32N655X0H3Q, STM32N655Z0H3Q, STM32N6570-DK, STM32N657A0H3Q, STM32N657B0H3Q, STM32N657I0H3Q, STM32N657L0H3Q, STM32N657X0H3Q, STM32N657Z0H3Q, STM32U031C6T6, STM32U031C6U6, STM32U031C8T6, STM32U031C8U6, STM32U031F4P6, STM32U031F6P6, STM32U031F8P6, STM32U031G6Y6TR, STM32U031G8Y6TR, STM32U031K4U6, STM32U031K6U6, STM32U031K8U6, STM32U031R6I6, STM32U031R6T6, STM32U031R8I6, STM32U031R8T6, STM32U073C8T6, STM32U073C8U6, STM32U073CBT6, STM32U073CBU6, STM32U073CCT6, STM32U073CCU6, STM32U073H8Y6TR, STM32U073HBY6TR, STM32U073HCY6TR, STM32U073K8U6, STM32U073KBU6, STM32U073KCU6, STM32U073M8I6, STM32U073M8T6, STM32U073MBI6, STM32U073MBT6, STM32U073MCI6, STM32U073MCT6, STM32U073R8I6, STM32U073R8T6, STM32U073RBI6, STM32U073RBT6, STM32U073RCI6, STM32U073RCT6, STM32U083C-DK, STM32U083CCT6, STM32U083CCU6, STM32U083HCY6TR, STM32U083KCU6, STM32U083MCI6, STM32U083MCT6, STM32U083RCI6, STM32U083RCT6, STM32U375CET6, STM32U375CET6Q, STM32U375CEU6, STM32U375CEU6Q, STM32U375CEY6QTR, STM32U375CGT6, STM32U375CGT6Q, STM32U375CGU6, STM32U375CGU6Q, STM32U375CGY6QTR, STM32U375KEU6, STM32U375KGU6, STM32U375REI6, STM32U375REI6Q, STM32U375RET6, STM32U375RET6Q, STM32U375REY6GTR, STM32U375REY6QTR, STM32U375RGI6, STM32U375RGI6Q, STM32U375RGT6, STM32U375RGT6Q, STM32U375RGY6GTR, STM32U375RGY6QTR, STM32U375VEI6, STM32U375VEI6Q, STM32U375VET6, STM32U375VET6Q, STM32U375VGI6, STM32U375VGI6Q, STM32U375VGT6, STM32U375VGT6Q, STM32U385CGT6, STM32U385CGT6Q, STM32U385CGU6, STM32U385CGU6Q, STM32U385CGY6QTR, STM32U385KGU6, STM32U385RGI6, STM32U385RGI6Q, STM32U385RGT6, STM32U385RGT6Q, STM32U385RGY6GTR, STM32U385RGY6QTR, STM32U385VGI6, STM32U385VGI6Q, STM32U385VGT6, STM32U385VGT6Q, STM32U535CBT6, STM32U535CBT6Q, STM32U535CBU6, STM32U535CBU6Q, STM32U535CCT6, STM32U535CCT6Q, STM32U535CCU6, STM32U535CCU6Q, STM32U535CET6, STM32U535CET6Q, STM32U535CEU6, STM32U535CEU6Q, STM32U535JEY6QTR, STM32U535NCY6QTR, STM32U535NEY6QTR, STM32U535RBI6, STM32U535RBI6Q, STM32U535RBT6, STM32U535RBT6Q, STM32U535RCI6, STM32U535RCI6Q, STM32U535RCT6, STM32U535RCT6Q, STM32U535REI6, STM32U535REI6Q, STM32U535RET6, STM32U535RET6Q, STM32U535VCI6, STM32U535VCI6Q, STM32U535VCT6, STM32U535VCT6Q, STM32U535VEI6, STM32U535VEI6Q, STM32U535VET6, STM32U535VET6Q, STM32U545CET6, STM32U545CET6Q, STM32U545CEU6, STM32U545CEU6Q, STM32U545JEY6QTR, STM32U545NEY6QTR, STM32U545REI6, STM32U545REI6Q, STM32U545RET6, STM32U545RET6Q, STM32U545VEI6, STM32U545VEI6Q, STM32U545VET6, STM32U545VET6Q, STM32U595AIH6, STM32U595AIH6Q, STM32U595AJH6, STM32U595AJH6Q, STM32U595QII6, STM32U595QII6Q, STM32U595QJI6, STM32U595QJI6Q, STM32U595RIT6, STM32U595RIT6Q, STM32U595RJT6, STM32U595RJT6Q, STM32U595VIT6, STM32U595VIT6Q, STM32U595VJT6, STM32U595VJT6Q, STM32U595ZIT6, STM32U595ZIT6Q, STM32U595ZIY6QTR, STM32U595ZJT6, STM32U595ZJT6Q, STM32U595ZJY6QTR, STM32U599BJY6QTR, STM32U599NIH6Q, STM32U599NJH6Q, STM32U599VIT6Q, STM32U599VJT6, STM32U599VJT6Q, STM32U599ZIT6Q, STM32U599ZIY6QTR, STM32U599ZJT6Q, STM32U599ZJY6QTR, STM32U5A5AJH6, STM32U5A5AJH6Q, STM32U5A5QII3Q , STM32U5A5QJI6, STM32U5A5QJI6Q, STM32U5A5RJT6, STM32U5A5RJT6Q, STM32U5A5VJT6, STM32U5A5VJT6Q, STM32U5A5ZJT6, STM32U5A5ZJT6Q, STM32U5A5ZJY6QTR, STM32U5A9BJY6QTR, STM32U5A9J-DK, STM32U5A9NJH6Q, STM32U5A9VJT6Q, STM32U5A9ZJT6Q, STM32U5A9ZJY6QTR, STM32U5F7VIT6, STM32U5F7VIT6Q, STM32U5F7VJT6, STM32U5F7VJT6Q, STM32U5F9BJY6QTR, STM32U5F9NJH6Q, STM32U5F9VIT6Q, STM32U5F9VJT6Q, STM32U5F9ZIJ6QTR, STM32U5F9ZIT6Q, STM32U5F9ZJJ6QTR, STM32U5F9ZJT6Q, STM32U5G7VJT6, STM32U5G7VJT6Q, STM32U5G9BJY6QTR, STM32U5G9J-DK1, STM32U5G9J-DK2, STM32U5G9NJH6Q, STM32U5G9VJT6Q, STM32U5G9ZJJ6QTR, STM32U5G9ZJT6Q, STM32WB05KZV6TR, STM32WB05KZV7TR, STM32WB05TZF6TR, STM32WB05TZF7TR, STM32WB06CCF6TR, STM32WB06CCF7TR, STM32WB06CCV6TR, STM32WB06CCV7TR, STM32WB06KCV6TR, STM32WB06KCV7TR, STM32WB07CCF6TR, STM32WB07CCF7TR, STM32WB07CCV6TR, STM32WB07CCV7TR, STM32WB07KCV6TR, STM32WB07KCV7TR, STM32WB09KEV6TR, STM32WB09KEV7TR, STM32WB09TEF6TR, STM32WB09TEF7TR, STM32WB1MMCH6, STM32WBA50KGU6, STM32WBA50KGU6TR, STM32WBA52CEU6, STM32WBA52CEU6TR, STM32WBA52CEU7, STM32WBA52CEU7TR, STM32WBA52CGU6, STM32WBA52CGU6TR, STM32WBA52CGU6U, STM32WBA52CGU7, STM32WBA52CGU7TR, STM32WBA52KEU6, STM32WBA52KEU6TR, STM32WBA52KGU6, STM32WBA52KGU6TR, STM32WBA54CEU6, STM32WBA54CEU6TR, STM32WBA54CEU7, STM32WBA54CEU7TR, STM32WBA54CGU6, STM32WBA54CGU6TR, STM32WBA54CGU7, STM32WBA54CGU7TR, STM32WBA54KEU6, STM32WBA54KEU6TR, STM32WBA54KEU7, STM32WBA54KEU7TR, STM32WBA54KGU6, STM32WBA54KGU6TR, STM32WBA54KGU7, STM32WBA54KGU7TR, STM32WBA55CEU6, STM32WBA55CEU6TR, STM32WBA55CEU7, STM32WBA55CEU7TR, STM32WBA55CGU6, STM32WBA55CGU6TR, STM32WBA55CGU6U, STM32WBA55CGU7, STM32WBA55CGU7TR, STM32WBA55G-DK1, STM32WBA55HEF6, STM32WBA55HEF7, STM32WBA55HGF6, STM32WBA55HGF7, STM32WBA55UEI6, STM32WBA55UEI6TR, STM32WBA55UEI7, STM32WBA55UEI7TR, STM32WBA55UGI6, STM32WBA55UGI6TR, STM32WBA55UGI7, STM32WBA55UGI7TR, STM32WBA5MMGH6TR, STM32WBA62MGF6, STM32WBA62MIF6, STM32WBA65MGF7, STM32WBA65MIF6, STM32WBA65MIF7, STM32WL30K8V6, STM32WL30KBV6, STM32WL31C8V6, STM32WL31CBV6, STM32WL31K8V6, STM32WL31KBV6, STM32WL33C8V6, STM32WL33C8V6X, STM32WL33CBV6, STM32WL33CBV6X, STM32WL33CCV6, STM32WL33CCV6A, STM32WL33CCV6X, STM32WL33K8V7, STM32WL33K8V7X, STM32WL33KBV7 , STM32WL33KBV7X, STM32WL33KCV7, STM32WL33KCV7X, STM32WL5MOCH6, STM32WL5MOCH6TR]
2026-04-28 15:04:43,811 [INFO] BoardInfo:889 - No configuration file found for board NUCLEO-H5E5ZJ
2026-04-28 15:04:43,812 [INFO] DbBoards:161 - Board is not supported: NUCLEO-H5E5ZJ
2026-04-28 15:04:43,882 [INFO] BoardInfo:889 - No configuration file found for board NUCLEO-U3C5ZI-Q
2026-04-28 15:04:43,884 [INFO] DbBoards:161 - Board is not supported: NUCLEO-U3C5ZI-Q
2026-04-28 15:04:43,906 [INFO] BoardInfo:889 - No configuration file found for board NUCLEO-WBA25CE1
2026-04-28 15:04:43,908 [INFO] DbBoards:161 - Board is not supported: NUCLEO-WBA25CE1
2026-04-28 15:04:43,920 [INFO] BoardInfo:889 - No configuration file found for board NUCLEO-WL3RKB1
2026-04-28 15:04:43,922 [INFO] DbBoards:161 - Board is not supported: NUCLEO-WL3RKB1
2026-04-28 15:04:43,923 [INFO] BoardInfo:889 - No configuration file found for board NUCLEO-WL3RKB2
2026-04-28 15:04:43,925 [INFO] DbBoards:161 - Board is not supported: NUCLEO-WL3RKB2
2026-04-28 15:04:43,940 [INFO] BoardInfo:889 - No configuration file found for board P-NUCLEO-WB55
2026-04-28 15:04:43,941 [INFO] DbBoards:161 - Kit is not supported: P-NUCLEO-WB55
2026-04-28 15:04:43,951 [INFO] BoardInfo:889 - No configuration file found for board STEVAL-BFA001V1B
2026-04-28 15:04:43,952 [INFO] DbBoards:161 - Kit is not supported: STEVAL-BFA001V1B
2026-04-28 15:04:43,954 [INFO] BoardInfo:889 - No configuration file found for board STEVAL-BFA001V2B
2026-04-28 15:04:43,956 [INFO] DbBoards:161 - Kit is not supported: STEVAL-BFA001V2B
2026-04-28 15:04:44,122 [INFO] BoardInfo:889 - No configuration file found for board STM32H5F5J-DK
2026-04-28 15:04:44,125 [INFO] DbBoards:161 - Board is not supported: STM32H5F5J-DK
2026-04-28 15:04:44,237 [INFO] DbBoards:168 - Found 218 boards, 209 are supported
2026-04-28 15:04:44,238 [INFO] DbBoards:169 - Found 218 boards, 43 of them is supported for  Bsp
2026-04-28 15:04:44,242 [INFO] ApiDb:423 - Load user favorites file C:\Users\khale/.stm32cubeide/favorites.boards.txt: 0 item(s)
2026-04-28 15:04:44,242 [INFO] ApiDb:427 - User favorites Boards=[]
2026-04-28 15:04:44,242 [INFO] DbBoards:198 - Set 0 / 0 favorites Boards
2026-04-28 15:04:44,242 [INFO] McuFinderGlobals:76 - Set McuFinderConnectedMode to true
2026-04-28 15:04:44,253 [INFO] MultiScanPanel:200 - Auto-refresh data requested => check proxy status ongoing
2026-04-28 15:04:44,256 [INFO] FinderPluginLoader:96 - Searching for filters in installed packs
2026-04-28 15:04:45,857 [INFO] LoadUrlFilesThread:185 - End of LoadServerUrlFiles without Thread
2026-04-28 15:04:45,877 [INFO] DetailPanel:341 - Set advertising image to C:/Users/khale/STM32Cube/Repository/\en.prom-stm32wba2-stm32-nucleo-board-0426.png
2026-04-28 15:06:19,970 [INFO] MainUpdater:2872 - connection check result : 10
2026-04-28 15:06:19,972 [INFO] MainUpdater:2872 - connection check result : 10
2026-04-28 15:06:20,015 [INFO] MicroXplorer:468 - Change Database Path : 
2026-04-28 15:06:20,015 [INFO] MicroXplorer:498 - Change Database Version : DB.6.0.150
2026-04-28 15:06:20,028 [WARN] ThirdParty:871 - waiting for thirdparty lock release [close project]
2026-04-28 15:06:20,029 [INFO] ThirdParty:873 - entering critical section [close project]
2026-04-28 15:06:20,031 [INFO] ThirdParty:883 - exiting critical section [close project]
2026-04-28 15:06:20,037 [INFO] PinOutPanel:1589 - setPackage(No Configuration,No Configuration)
2026-04-28 15:06:20,038 [INFO] UtilMem:75 - Begin LoadConfig() Used Memory: 742249120 Bytes (1073741824)
2026-04-28 15:06:20,041 [INFO] MicroXplorer:468 - Change Database Path : 
2026-04-28 15:06:20,042 [INFO] MicroXplorer:498 - Change Database Version : DB.6.0.150
2026-04-28 15:06:20,042 [INFO] OpenFileManager:355 - Change cursor
2026-04-28 15:06:20,195 [INFO] Mcu:2029 - Initializing MCU STM32F401RCTx STM32F401RCTx STM32F401RCT6
2026-04-28 15:06:21,775 [INFO] Context:786 - Trying to add GPIOservice into a context  which must be forbidden
2026-04-28 15:06:22,112 [INFO] ImportTextPane:234 - (OptionalMessage_ERROR) Unable to find key (Mcu.ThirdPartyNb) in loaded IOC file
2026-04-28 15:06:22,112 [INFO] ImportTextPane:234 - (OptionalMessage_ERROR) Unable to find key (Mcu.PinsNb) in loaded IOC file
2026-04-28 15:06:22,113 [INFO] ImportTextPane:234 - (OptionalMessage_ERROR) Pin0 (VP_RIF_VS_RIF1) cannot be retrieved for this MCU
2026-04-28 15:06:22,113 [INFO] ImportTextPane:234 - (OptionalMessage_ERROR) Unable to find key (Mcu.IPNb) in loaded IOC file
2026-04-28 15:06:22,203 [INFO] RtosManager:558 - Registered RTOS mode: class=CMSIS, group=RTOS, mode=CMSIS_V1, owner=FREERTOS
2026-04-28 15:06:22,203 [INFO] RtosManager:558 - Registered RTOS mode: class=CMSIS, group=RTOS2, mode=CMSIS_V2, owner=FREERTOS
2026-04-28 15:06:22,203 [INFO] RtosManager:558 - Registered RTOS mode: class=RTOS, group=Core, mode=CMSIS_V1, owner=FREERTOS
2026-04-28 15:06:22,203 [INFO] RtosManager:558 - Registered RTOS mode: class=RTOS, group=Core, mode=CMSIS_V2, owner=FREERTOS
2026-04-28 15:06:22,203 [WARN] ModelIntegratedComponent:184 - Missing modes for component STMicroelectronics:FreeRTOS:0.0.1:STMicroelectronics:RTOS:FreeRTOS:Core:::10.2.0:
2026-04-28 15:06:22,212 [WARN] ModelIntegratedComponent:63 - No mode defined for component null
2026-04-28 15:06:22,212 [WARN] ModelIntegratedComponent:63 - No mode defined for component null
2026-04-28 15:06:22,212 [WARN] ModelIntegratedComponent:63 - No mode defined for component null
2026-04-28 15:06:22,212 [WARN] ModelIntegratedComponent:63 - No mode defined for component null
2026-04-28 15:06:22,212 [WARN] ModelIntegratedComponent:63 - No mode defined for component null
2026-04-28 15:06:22,212 [WARN] ModelIntegratedComponent:63 - No mode defined for component null
2026-04-28 15:06:22,212 [WARN] ModelIntegratedComponent:63 - No mode defined for component null
2026-04-28 15:06:22,212 [WARN] ModelIntegratedComponent:63 - No mode defined for component null
2026-04-28 15:06:22,212 [WARN] ModelIntegratedComponent:63 - No mode defined for component null
2026-04-28 15:06:22,212 [WARN] ModelIntegratedComponent:63 - No mode defined for component null
2026-04-28 15:06:22,212 [WARN] ModelIntegratedComponent:63 - No mode defined for component null
2026-04-28 15:06:22,212 [WARN] ModelIntegratedComponent:63 - No mode defined for component null
2026-04-28 15:06:22,212 [WARN] ModelIntegratedComponent:63 - No mode defined for component null
2026-04-28 15:06:22,212 [WARN] ModelIntegratedComponent:63 - No mode defined for component null
2026-04-28 15:06:22,212 [WARN] ModelIntegratedComponent:63 - No mode defined for component null
2026-04-28 15:06:22,212 [WARN] ModelIntegratedComponent:63 - No mode defined for component null
2026-04-28 15:06:22,212 [WARN] ModelIntegratedComponent:63 - No mode defined for component null
2026-04-28 15:06:22,212 [WARN] ModelIntegratedComponent:63 - No mode defined for component null
2026-04-28 15:06:22,212 [WARN] ModelIntegratedComponent:63 - No mode defined for component null
2026-04-28 15:06:22,212 [WARN] ModelIntegratedComponent:63 - No mode defined for component null
2026-04-28 15:06:22,212 [WARN] ModelIntegratedComponent:63 - No mode defined for component null
2026-04-28 15:06:22,212 [WARN] ModelIntegratedComponent:63 - No mode defined for component null
2026-04-28 15:06:22,212 [WARN] ModelIntegratedComponent:63 - No mode defined for component null
2026-04-28 15:06:22,212 [WARN] ModelIntegratedComponent:63 - No mode defined for component null
2026-04-28 15:06:22,212 [WARN] ModelIntegratedComponent:63 - No mode defined for component null
2026-04-28 15:06:22,213 [WARN] ModelIntegratedComponent:63 - No mode defined for component null
2026-04-28 15:06:22,213 [WARN] ModelIntegratedComponent:63 - No mode defined for component null
2026-04-28 15:06:22,213 [WARN] ModelIntegratedComponent:63 - No mode defined for component null
2026-04-28 15:06:22,213 [WARN] ModelIntegratedComponent:63 - No mode defined for component null
2026-04-28 15:06:22,213 [WARN] ModelIntegratedComponent:63 - No mode defined for component null
2026-04-28 15:06:22,213 [WARN] ModelIntegratedComponent:63 - No mode defined for component null
2026-04-28 15:06:22,213 [WARN] ModelIntegratedComponent:63 - No mode defined for component null
2026-04-28 15:06:22,213 [WARN] ModelIntegratedComponent:63 - No mode defined for component null
2026-04-28 15:06:22,213 [WARN] ModelIntegratedComponent:63 - No mode defined for component null
2026-04-28 15:06:22,213 [WARN] ModelIntegratedComponent:63 - No mode defined for component null
2026-04-28 15:06:22,213 [WARN] ModelPack:524 - Component already loaded: STMicroelectronics:HAL Drivers:0.0.0:STMicroelectronics:Device:STMicro_Driver:XSPI:HAL::0.0.1:HAL_XSPI
2026-04-28 15:06:22,218 [WARN] ModelIntegratedComponent:182 - Modes not found for component STMicroelectronics:USB_DEVICE:1.0.0:STMicroelectronics:USB::USB Device:Audio HS::1.0:USB_DEVICE_1_0_RESTRICTED_HS
2026-04-28 15:06:22,218 [WARN] ModelIntegratedComponent:188 - Modes not found for component STMicroelectronics:USB_DEVICE:1.0.0:STMicroelectronics:USB::USB Device:Audio HS::1.0:USB_DEVICE_1_0_RESTRICTED_HS
2026-04-28 15:06:22,218 [WARN] ModelIntegratedComponent:182 - Modes not found for component STMicroelectronics:USB_DEVICE:1.0.0:STMicroelectronics:USB::USB Device:CDC HS::1.0:USB_DEVICE_1_0_RESTRICTED_HS
2026-04-28 15:06:22,218 [WARN] ModelIntegratedComponent:188 - Modes not found for component STMicroelectronics:USB_DEVICE:1.0.0:STMicroelectronics:USB::USB Device:CDC HS::1.0:USB_DEVICE_1_0_RESTRICTED_HS
2026-04-28 15:06:22,218 [WARN] ModelIntegratedComponent:182 - Modes not found for component STMicroelectronics:USB_DEVICE:1.0.0:STMicroelectronics:USB::USB Device:DFU HS::1.0:USB_DEVICE_1_0_RESTRICTED_HS
2026-04-28 15:06:22,218 [WARN] ModelIntegratedComponent:188 - Modes not found for component STMicroelectronics:USB_DEVICE:1.0.0:STMicroelectronics:USB::USB Device:DFU HS::1.0:USB_DEVICE_1_0_RESTRICTED_HS
2026-04-28 15:06:22,218 [WARN] ModelIntegratedComponent:182 - Modes not found for component STMicroelectronics:USB_DEVICE:1.0.0:STMicroelectronics:USB::USB Device:HID HS::1.0:USB_DEVICE_1_0_RESTRICTED_HS
2026-04-28 15:06:22,218 [WARN] ModelIntegratedComponent:188 - Modes not found for component STMicroelectronics:USB_DEVICE:1.0.0:STMicroelectronics:USB::USB Device:HID HS::1.0:USB_DEVICE_1_0_RESTRICTED_HS
2026-04-28 15:06:22,218 [WARN] ModelIntegratedComponent:182 - Modes not found for component STMicroelectronics:USB_DEVICE:1.0.0:STMicroelectronics:USB::USB Device:Custom HID HS::1.0:USB_DEVICE_1_0_RESTRICTED_HS
2026-04-28 15:06:22,218 [WARN] ModelIntegratedComponent:188 - Modes not found for component STMicroelectronics:USB_DEVICE:1.0.0:STMicroelectronics:USB::USB Device:Custom HID HS::1.0:USB_DEVICE_1_0_RESTRICTED_HS
2026-04-28 15:06:22,218 [WARN] ModelIntegratedComponent:182 - Modes not found for component STMicroelectronics:USB_DEVICE:1.0.0:STMicroelectronics:USB::USB Device:MSC HS::1.0:USB_DEVICE_1_0_RESTRICTED_HS
2026-04-28 15:06:22,218 [WARN] ModelIntegratedComponent:188 - Modes not found for component STMicroelectronics:USB_DEVICE:1.0.0:STMicroelectronics:USB::USB Device:MSC HS::1.0:USB_DEVICE_1_0_RESTRICTED_HS
2026-04-28 15:06:22,314 [WARN] ModelIntegratedComponent:182 - Modes not found for component STMicroelectronics:USB_HOST:1.0.0:STMicroelectronics:USB::USB Host:Audio HS::1.0:USB_HOST_1_0_RESTRICTED_HS
2026-04-28 15:06:22,314 [WARN] ModelIntegratedComponent:188 - Modes not found for component STMicroelectronics:USB_HOST:1.0.0:STMicroelectronics:USB::USB Host:Audio HS::1.0:USB_HOST_1_0_RESTRICTED_HS
2026-04-28 15:06:22,314 [WARN] ModelIntegratedComponent:182 - Modes not found for component STMicroelectronics:USB_HOST:1.0.0:STMicroelectronics:USB::USB Host:CDC HS::1.0:USB_HOST_1_0_RESTRICTED_HS
2026-04-28 15:06:22,314 [WARN] ModelIntegratedComponent:188 - Modes not found for component STMicroelectronics:USB_HOST:1.0.0:STMicroelectronics:USB::USB Host:CDC HS::1.0:USB_HOST_1_0_RESTRICTED_HS
2026-04-28 15:06:22,314 [WARN] ModelIntegratedComponent:182 - Modes not found for component STMicroelectronics:USB_HOST:1.0.0:STMicroelectronics:USB::USB Host:MSC HS::1.0:USB_HOST_1_0_RESTRICTED_HS
2026-04-28 15:06:22,314 [WARN] ModelIntegratedComponent:188 - Modes not found for component STMicroelectronics:USB_HOST:1.0.0:STMicroelectronics:USB::USB Host:MSC HS::1.0:USB_HOST_1_0_RESTRICTED_HS
2026-04-28 15:06:22,314 [WARN] ModelIntegratedComponent:182 - Modes not found for component STMicroelectronics:USB_HOST:1.0.0:STMicroelectronics:USB::USB Host:HID HS::1.0:USB_HOST_1_0_RESTRICTED_HS
2026-04-28 15:06:22,314 [WARN] ModelIntegratedComponent:188 - Modes not found for component STMicroelectronics:USB_HOST:1.0.0:STMicroelectronics:USB::USB Host:HID HS::1.0:USB_HOST_1_0_RESTRICTED_HS
2026-04-28 15:06:22,314 [WARN] ModelIntegratedComponent:182 - Modes not found for component STMicroelectronics:USB_HOST:1.0.0:STMicroelectronics:USB::USB Host:MTP HS::1.0:USB_HOST_1_0_RESTRICTED_HS
2026-04-28 15:06:22,314 [WARN] ModelIntegratedComponent:188 - Modes not found for component STMicroelectronics:USB_HOST:1.0.0:STMicroelectronics:USB::USB Host:MTP HS::1.0:USB_HOST_1_0_RESTRICTED_HS
2026-04-28 15:06:22,475 [INFO] ThirdPartyModel:298 - Start build external matchings
2026-04-28 15:06:23,530 [INFO] ThirdPartyModel:316 - End build external matchings
2026-04-28 15:06:23,876 [INFO] UtilMem:75 - End LoadConfig() Used Memory: 726772176 Bytes (1073741824)
2026-04-28 15:06:23,922 [WARN] ThirdParty:833 - waiting for thirdparty lock release [change project]
2026-04-28 15:06:23,922 [INFO] ThirdParty:835 - entering critical section [change project]
2026-04-28 15:06:23,922 [INFO] ThirdParty:1030 - CMSIS Pack Vendor :STMicroelectronics X-CUBE-AZRTOS-H7 3.5.0
2026-04-28 15:06:23,922 [INFO] ThirdParty:1030 - CMSIS Pack Vendor :STMicroelectronics X-CUBE-PM33A1 1.0.0
2026-04-28 15:06:23,922 [INFO] ThirdParty:1030 - CMSIS Pack Vendor :STMicroelectronics USBPD 4.1
2026-04-28 15:06:23,922 [INFO] ThirdParty:1030 - CMSIS Pack Vendor :STMicroelectronics USB_HOST 2.0.0
2026-04-28 15:06:23,922 [INFO] ThirdParty:1030 - CMSIS Pack Vendor :STMicroelectronics FP-SNS-MOTENVWB1 1.4.0
2026-04-28 15:06:23,922 [INFO] ThirdParty:1030 - CMSIS Pack Vendor :STMicroelectronics X-CUBE-AZRTOS-F4 1.1.0
2026-04-28 15:06:23,923 [INFO] ThirdParty:1030 - CMSIS Pack Vendor :STMicroelectronics LIBJPEG 8.0.0
2026-04-28 15:06:23,923 [INFO] ThirdParty:1030 - CMSIS Pack Vendor :STMicroelectronics FP-ATR-ASTRA1 2.0.2
2026-04-28 15:06:23,923 [INFO] ThirdParty:1030 - CMSIS Pack Vendor :STMicroelectronics X-CUBE-SMBUS 2.1.0
2026-04-28 15:06:23,923 [INFO] ThirdParty:1030 - CMSIS Pack Vendor :STMicroelectronics X-CUBE-ISPU 2.1.0
2026-04-28 15:06:23,923 [INFO] ThirdParty:1030 - CMSIS Pack Vendor :STMicroelectronics X-CUBE-IPS 3.2.0
2026-04-28 15:06:23,923 [INFO] ThirdParty:1030 - CMSIS Pack Vendor :STMicroelectronics eDS-WB_DPC_TT-BIDIR 2.1.1
2026-04-28 15:06:23,923 [INFO] ThirdParty:1030 - CMSIS Pack Vendor :STMicroelectronics X-CUBE-ST60 1.0.0
2026-04-28 15:06:23,923 [INFO] ThirdParty:1030 - CMSIS Pack Vendor :STMicroelectronics X-CUBE-NFC12 1.0.0
2026-04-28 15:06:23,923 [INFO] ThirdParty:1030 - CMSIS Pack Vendor :STMicroelectronics X-CUBE-AZRTOS-F7 1.1.0
2026-04-28 15:06:23,923 [INFO] ThirdParty:1030 - CMSIS Pack Vendor :STMicroelectronics X-CUBE-AZRTOS-L5 2.0.0
2026-04-28 15:06:23,923 [INFO] ThirdParty:1030 - CMSIS Pack Vendor :STMicroelectronics USB_DEVICE 2.0.0
2026-04-28 15:06:23,923 [INFO] ThirdParty:1030 - CMSIS Pack Vendor :STMicroelectronics X-CUBE-NFC6 3.1.0
2026-04-28 15:06:23,923 [INFO] ThirdParty:1030 - CMSIS Pack Vendor :Cesanta I-CUBE-Mongoose 7.19.0
2026-04-28 15:06:23,923 [INFO] ThirdParty:1030 - CMSIS Pack Vendor :STMicroelectronics FP-SNS-MOTENV1 5.1.0
2026-04-28 15:06:23,923 [INFO] ThirdParty:1030 - CMSIS Pack Vendor :STMicroelectronics FreeRTOS 0.0.1
2026-04-28 15:06:23,923 [INFO] ThirdParty:1030 - CMSIS Pack Vendor :STMicroelectronics eDS-WB_DPC_VIENNA 1.2.0
2026-04-28 15:06:23,923 [INFO] ThirdParty:1030 - CMSIS Pack Vendor :WES I-CUBE-Cesium 1.4.0
2026-04-28 15:06:23,923 [INFO] ThirdParty:1030 - CMSIS Pack Vendor :STMicroelectronics eDS-WB_DPC_3PH2L-BIDIR 1.1.1
2026-04-28 15:06:23,923 [INFO] ThirdParty:1030 - CMSIS Pack Vendor :Infineon AIROC-Wi-Fi-Bluetooth-STM32 1.7.1
2026-04-28 15:06:23,923 [INFO] ThirdParty:1030 - CMSIS Pack Vendor :STMicroelectronics PDM2PCM 3.3.0
2026-04-28 15:06:23,923 [INFO] ThirdParty:1030 - CMSIS Pack Vendor :STMicroelectronics X-CUBE-AZRTOS-H7 3.4.0
2026-04-28 15:06:23,923 [INFO] ThirdParty:1030 - CMSIS Pack Vendor :STMicroelectronics X-CUBE-DISPLAY 3.0.0
2026-04-28 15:06:23,923 [INFO] ThirdParty:1030 - CMSIS Pack Vendor :STMicroelectronics X-CUBE-GNSS1 7.1.1
2026-04-28 15:06:23,923 [INFO] ThirdParty:1030 - CMSIS Pack Vendor :STMicroelectronics FP-SNS-MOTENVWB1 1.5.0
2026-04-28 15:06:23,923 [INFO] ThirdParty:1030 - CMSIS Pack Vendor :STMicroelectronics X-CUBE-NFC10 1.0.0
2026-04-28 15:06:23,923 [INFO] ThirdParty:1030 - CMSIS Pack Vendor :STMicroelectronics X-CUBE-FREERTOS 1.3.1
2026-04-28 15:06:23,923 [INFO] ThirdParty:1030 - CMSIS Pack Vendor :STMicroelectronics HAL Drivers 0.0.0
2026-04-28 15:06:23,924 [INFO] ThirdParty:1030 - CMSIS Pack Vendor :STMicroelectronics X-CUBE-ST60 1.1.0
2026-04-28 15:06:23,924 [INFO] ThirdParty:1030 - CMSIS Pack Vendor :emotas I-CUBE-CANOPEN 1.3.0
2026-04-28 15:06:23,924 [INFO] ThirdParty:1030 - CMSIS Pack Vendor :STMicroelectronics MBEDTLS 2.14.1
2026-04-28 15:06:23,924 [INFO] ThirdParty:1030 - CMSIS Pack Vendor :STMicroelectronics X-CUBE-GNSS1 7.1.0
2026-04-28 15:06:23,924 [INFO] ThirdParty:1030 - CMSIS Pack Vendor :STMicroelectronics X-CUBE-TOUCHGFX 4.26.0
2026-04-28 15:06:23,924 [INFO] ThirdParty:1030 - CMSIS Pack Vendor :STMicroelectronics X-CUBE-TOUCHGFX 4.26.1
2026-04-28 15:06:23,924 [INFO] ThirdParty:1030 - CMSIS Pack Vendor :STMicroelectronics FP-SNS-STBOX1 2.1.0
2026-04-28 15:06:23,925 [INFO] ThirdParty:1030 - CMSIS Pack Vendor :STMicroelectronics FP-SNS-STAIOTCFT 1.0.0
2026-04-28 15:06:23,925 [INFO] ThirdParty:1030 - CMSIS Pack Vendor :STMicroelectronics FP-SNS-SMARTAG2 1.2.0
2026-04-28 15:06:23,925 [INFO] ThirdParty:1030 - CMSIS Pack Vendor :STMicroelectronics FP-SNS-FLIGHT1 5.1.0
2026-04-28 15:06:23,925 [INFO] ThirdParty:1030 - CMSIS Pack Vendor :STMicroelectronics X-CUBE-AZRTOS-WL 2.0.0
2026-04-28 15:06:23,925 [INFO] ThirdParty:1030 - CMSIS Pack Vendor :STMicroelectronics X-CUBE-DPower 1.3.0
2026-04-28 15:06:23,925 [INFO] ThirdParty:1030 - CMSIS Pack Vendor :STMicroelectronics FP-SNS-MOTENV1 5.0.0
2026-04-28 15:06:23,925 [INFO] ThirdParty:1030 - CMSIS Pack Vendor :STMicroelectronics USB_DEVICE 1.0.0
2026-04-28 15:06:23,925 [INFO] ThirdParty:1030 - CMSIS Pack Vendor :STMicroelectronics X-CUBE-AZRTOS-H7RS 1.2.0
2026-04-28 15:06:23,925 [INFO] ThirdParty:1030 - CMSIS Pack Vendor :STMicroelectronics X-CUBE-AZRTOS-L4 2.0.0
2026-04-28 15:06:23,925 [INFO] ThirdParty:1030 - CMSIS Pack Vendor :STMicroelectronics ThreadX 0.0.2
2026-04-28 15:06:23,925 [INFO] ThirdParty:1030 - CMSIS Pack Vendor :STMicroelectronics lwIP 2.1.2
2026-04-28 15:06:23,926 [INFO] ThirdParty:1030 - CMSIS Pack Vendor :STMicroelectronics X-CUBE-SFXS2LP1 4.0.0
2026-04-28 15:06:23,926 [INFO] ThirdParty:1030 - CMSIS Pack Vendor :STMicroelectronics X-CUBE-BLE2 3.3.0
2026-04-28 15:06:23,926 [INFO] ThirdParty:1030 - CMSIS Pack Vendor :Avnet-IOTCONNECT X-CUBE-iotc-st67-sdk 1.0.0
2026-04-28 15:06:23,926 [INFO] ThirdParty:1030 - CMSIS Pack Vendor :STMicroelectronics PDM2PCM 3.2.0
2026-04-28 15:06:23,926 [INFO] ThirdParty:1030 - CMSIS Pack Vendor :STMicroelectronics X-CUBE-WB05N 2.1.0
2026-04-28 15:06:23,926 [INFO] ThirdParty:1030 - CMSIS Pack Vendor :STMicroelectronics X-CUBE-NFC9 1.0.0
2026-04-28 15:06:23,926 [INFO] ThirdParty:1030 - CMSIS Pack Vendor :wolfSSL I-CUBE-wolfSSL 5.8.2
2026-04-28 15:06:23,928 [INFO] ThirdParty:1030 - CMSIS Pack Vendor :STMicroelectronics X-CUBE-BLE1 7.1.0
2026-04-28 15:06:23,928 [INFO] ThirdParty:1030 - CMSIS Pack Vendor :wolfSSL I-CUBE-wolfMQTT 1.19.2
2026-04-28 15:06:23,928 [INFO] ThirdParty:1030 - CMSIS Pack Vendor :STMicroelectronics USB_DEVICE 3.0.0
2026-04-28 15:06:23,928 [INFO] ThirdParty:1030 - CMSIS Pack Vendor :STMicroelectronics X-CUBE-FREERTOS 1.4.0
2026-04-28 15:06:23,928 [INFO] ThirdParty:1030 - CMSIS Pack Vendor :STMicroelectronics X-CUBE-EEPRMA1 5.2.0
2026-04-28 15:06:23,928 [INFO] ThirdParty:1030 - CMSIS Pack Vendor :STMicroelectronics X-CUBE-BLEMGR 4.1.0
2026-04-28 15:06:23,929 [INFO] ThirdParty:1030 - CMSIS Pack Vendor :STMicroelectronics X-CUBE-AZRTOS-WB 2.0.0
2026-04-28 15:06:23,929 [INFO] ThirdParty:1030 - CMSIS Pack Vendor :STMicroelectronics X-CUBE-GNSS1 7.0.1
2026-04-28 15:06:23,929 [INFO] ThirdParty:1030 - CMSIS Pack Vendor :STMicroelectronics X-CUBE-ST67W61 1.1.0
2026-04-28 15:06:23,929 [INFO] ThirdParty:1030 - CMSIS Pack Vendor :STMicroelectronics FP-SNS-STAIOTCFT 1.1.0
2026-04-28 15:06:23,929 [INFO] ThirdParty:1030 - CMSIS Pack Vendor :quantropi X-CUBE-qispace-sdk-base 2.1.0
2026-04-28 15:06:23,929 [INFO] ThirdParty:1030 - CMSIS Pack Vendor :STMicroelectronics X-CUBE-MEMS1 12.0.0
2026-04-28 15:06:23,929 [INFO] ThirdParty:1030 - CMSIS Pack Vendor :STMicroelectronics X-CUBE-STSE01 2.0.0
2026-04-28 15:06:23,929 [INFO] ThirdParty:1030 - CMSIS Pack Vendor :STMicroelectronics X-CUBE-AZRTOS-G0 1.1.0
2026-04-28 15:06:23,929 [INFO] ThirdParty:1030 - CMSIS Pack Vendor :STMicroelectronics X-CUBE-SAFEA1 1.2.2
2026-04-28 15:06:23,929 [INFO] ThirdParty:1030 - CMSIS Pack Vendor :STMicroelectronics X-CUBE-NFC4 3.0.0
2026-04-28 15:06:23,929 [INFO] ThirdParty:1030 - CMSIS Pack Vendor :STMicroelectronics X-CUBE-SUBG2 5.0.0
2026-04-28 15:06:23,929 [INFO] ThirdParty:1030 - CMSIS Pack Vendor :STMicroelectronics X-CUBE-AZRTOS-H7RS 1.1.0
2026-04-28 15:06:23,929 [INFO] ThirdParty:1030 - CMSIS Pack Vendor :STMicroelectronics STM32_WPAN 1.0.0
2026-04-28 15:06:23,929 [INFO] ThirdParty:1030 - CMSIS Pack Vendor :EmbeddedOffice I-CUBE-FS-RTOS 1.0.1
2026-04-28 15:06:23,929 [INFO] ThirdParty:1030 - CMSIS Pack Vendor :STMicroelectronics lwIP 2.0.3
2026-04-28 15:06:23,930 [INFO] ThirdParty:1030 - CMSIS Pack Vendor :STMicroelectronics USB_HOST 1.0.0
2026-04-28 15:06:23,930 [INFO] ThirdParty:1030 - CMSIS Pack Vendor :STMicroelectronics X-CUBE-AZRTOS-G4 2.0.0
2026-04-28 15:06:23,930 [INFO] ThirdParty:1030 - CMSIS Pack Vendor :STMicroelectronics X-CUBE-WB05N 2.0.0
2026-04-28 15:06:23,930 [INFO] ThirdParty:1030 - CMSIS Pack Vendor :STMicroelectronics PDM2PCM 3.1.0
2026-04-28 15:06:23,930 [INFO] ThirdParty:1030 - CMSIS Pack Vendor :wolfSSL I-CUBE-wolfTPM 3.8.0
2026-04-28 15:06:23,930 [INFO] ThirdParty:1030 - CMSIS Pack Vendor :wolfSSL I-CUBE-wolfSSH 1.4.20
2026-04-28 15:06:23,930 [INFO] ThirdParty:1030 - CMSIS Pack Vendor :STMicroelectronics X-CUBE-NFC7 2.0.0
2026-04-28 15:06:23,930 [INFO] ThirdParty:1030 - CMSIS Pack Vendor :STMicroelectronics X-CUBE-TCPP 4.2.0
2026-04-28 15:06:23,930 [INFO] ThirdParty:1030 - CMSIS Pack Vendor :RealThread X-CUBE-RT-Thread_Nano 4.1.1
2026-04-28 15:06:23,930 [INFO] ThirdParty:1030 - CMSIS Pack Vendor :STMicroelectronics FP-ATR-SIGFOX1 3.2.0
2026-04-28 15:06:23,930 [INFO] ThirdParty:1030 - CMSIS Pack Vendor :STMicroelectronics X-CUBE-FREERTOS 1.5.0
2026-04-28 15:06:23,930 [INFO] ThirdParty:1030 - CMSIS Pack Vendor :STMicroelectronics MBEDTLS 2.16.2
2026-04-28 15:06:23,930 [INFO] ThirdParty:1030 - CMSIS Pack Vendor :STMicroelectronics X-CUBE-IPS 3.1.0
2026-04-28 15:06:23,930 [INFO] ThirdParty:1030 - CMSIS Pack Vendor :STMicroelectronics X-CUBE-ALS 1.0.2
2026-04-28 15:06:23,930 [INFO] ThirdParty:1030 - CMSIS Pack Vendor :ITTIA_DB I-CUBE-ITTIADB 8.9.0
2026-04-28 15:06:23,930 [INFO] ThirdParty:1030 - CMSIS Pack Vendor :STMicroelectronics X-CUBE-STSE01 1.0.0
2026-04-28 15:06:23,930 [INFO] ThirdParty:1030 - CMSIS Pack Vendor :STMicroelectronics X-CUBE-NFC6 3.2.0
2026-04-28 15:06:23,930 [INFO] ThirdParty:1030 - CMSIS Pack Vendor :STMicroelectronics X-CUBE-ST67W61 1.0.0
2026-04-28 15:06:23,930 [INFO] ThirdParty:1030 - CMSIS Pack Vendor :STMicroelectronics X-CUBE-AI 10.2.0
2026-04-28 15:06:23,930 [INFO] ThirdParty:1030 - CMSIS Pack Vendor :STMicroelectronics ThreadX 1.0.0
2026-04-28 15:06:23,930 [INFO] ThirdParty:1030 - CMSIS Pack Vendor :STMicroelectronics X-CUBE-MEMS1 12.1.0
2026-04-28 15:06:23,930 [INFO] ThirdParty:1030 - CMSIS Pack Vendor :SEGGER I-CUBE-embOS 1.3.1
2026-04-28 15:06:23,930 [INFO] ThirdParty:1030 - CMSIS Pack Vendor :STMicroelectronics X-CUBE-ALGOBUILD 1.4.0
2026-04-28 15:06:23,930 [INFO] ThirdParty:1030 - CMSIS Pack Vendor :STMicroelectronics X-CUBE-MEMS1 11.3.0
2026-04-28 15:06:23,930 [INFO] ThirdParty:1030 - CMSIS Pack Vendor :STMicroelectronics X-CUBE-TOF1 3.4.3
2026-04-28 15:06:23,930 [INFO] ThirdParty:841 - exiting critical section [change project]
2026-04-28 15:06:24,236 [INFO] PinOutPanel:1589 - setPackage(No Configuration,No Configuration)
2026-04-28 15:06:24,238 [INFO] PinOutPanel:1589 - setPackage(STM32F401RCTx,LQFP64)
2026-04-28 15:06:24,695 [INFO] UtilMem:75 - Before build in PCC Used Memory: 636948440 Bytes (1073741824)
2026-04-28 15:06:25,555 [INFO] UtilMem:75 - After build in PCC Used Memory: 703541224 Bytes (1073741824)
2026-04-28 15:06:25,583 [INFO] IPUIPlugin:80 - create IPUIPlugin
2026-04-28 15:06:25,584 [INFO] IPUIPlugin:80 - create IPUIPlugin
2026-04-28 15:06:25,584 [INFO] IPUIPlugin:80 - create IPUIPlugin
2026-04-28 15:06:25,584 [INFO] IPUIPlugin:80 - create IPUIPlugin
2026-04-28 15:06:25,584 [INFO] IPUIPlugin:80 - create IPUIPlugin
2026-04-28 15:06:25,584 [INFO] IPUIPlugin:80 - create IPUIPlugin
2026-04-28 15:06:25,584 [INFO] IPUIPlugin:80 - create IPUIPlugin
2026-04-28 15:06:25,584 [INFO] IPUIPlugin:80 - create IPUIPlugin
2026-04-28 15:06:25,584 [INFO] IPUIPlugin:80 - create IPUIPlugin
2026-04-28 15:06:25,584 [INFO] IPUIPlugin:80 - create IPUIPlugin
2026-04-28 15:06:25,584 [INFO] IPUIPlugin:80 - create IPUIPlugin
2026-04-28 15:06:25,584 [INFO] IPUIPlugin:80 - create IPUIPlugin
2026-04-28 15:06:25,585 [INFO] IPUIPlugin:80 - create IPUIPlugin
2026-04-28 15:06:25,585 [INFO] IPUIPlugin:80 - create IPUIPlugin
2026-04-28 15:06:25,585 [INFO] IPUIPlugin:80 - create IPUIPlugin
2026-04-28 15:06:25,585 [INFO] IPUIPlugin:80 - create IPUIPlugin
2026-04-28 15:06:25,585 [INFO] IPUIPlugin:80 - create IPUIPlugin
2026-04-28 15:06:25,585 [INFO] IPUIPlugin:80 - create IPUIPlugin
2026-04-28 15:06:25,585 [INFO] IPUIPlugin:80 - create IPUIPlugin
2026-04-28 15:06:25,586 [INFO] IPUIPlugin:80 - create IPUIPlugin
2026-04-28 15:06:25,586 [INFO] IPUIPlugin:80 - create IPUIPlugin
2026-04-28 15:06:25,586 [INFO] IPUIPlugin:80 - create IPUIPlugin
2026-04-28 15:06:25,586 [INFO] IPUIPlugin:80 - create IPUIPlugin
2026-04-28 15:06:25,586 [INFO] IPUIPlugin:80 - create IPUIPlugin
2026-04-28 15:06:25,586 [INFO] IPUIPlugin:80 - create IPUIPlugin
2026-04-28 15:06:25,586 [INFO] IPUIPlugin:80 - create IPUIPlugin
2026-04-28 15:06:25,586 [INFO] IPUIPlugin:80 - create IPUIPlugin
2026-04-28 15:06:25,587 [INFO] IPUIPlugin:80 - create IPUIPlugin
2026-04-28 15:06:25,587 [INFO] IPUIPlugin:80 - create IPUIPlugin
2026-04-28 15:06:25,587 [INFO] IPUIPlugin:80 - create IPUIPlugin
2026-04-28 15:06:25,587 [INFO] IPUIPlugin:80 - create IPUIPlugin
2026-04-28 15:06:25,587 [INFO] IPUIPlugin:80 - create IPUIPlugin
2026-04-28 15:06:25,587 [INFO] IPUIPlugin:80 - create IPUIPlugin
2026-04-28 15:06:25,587 [INFO] IPUIPlugin:80 - create IPUIPlugin
2026-04-28 15:06:25,588 [INFO] IPUIPlugin:80 - create IPUIPlugin
2026-04-28 15:06:25,588 [INFO] IPUIPlugin:80 - create IPUIPlugin
2026-04-28 15:06:25,588 [INFO] IPUIPlugin:80 - create IPUIPlugin
2026-04-28 15:06:25,588 [INFO] IPUIPlugin:80 - create IPUIPlugin
2026-04-28 15:06:25,712 [INFO] ApiDbMcu:532 - Load IP Config File for PDM2PCM
2026-04-28 15:06:25,883 [INFO] CADModel:165 - CPN selected for project levelSTM32F401RCT6
2026-04-28 15:06:25,883 [INFO] CADModel:114 - Register for checkConnection events
2026-04-28 15:06:25,943 [INFO] OpenFileManager:386 - Restore cursor
2026-04-28 15:06:27,177 [INFO] UtilMem:75 - End SaveConfig() Used Memory: 805832408 Bytes (1073741824)
2026-04-28 15:06:27,239 [INFO] UtilMem:75 - End SaveConfig() Used Memory: 821622752 Bytes (1073741824)
2026-04-28 15:06:27,623 [INFO] BlockDiagram:2775 - set Specific Code input for plugin: NVIC
2026-04-28 15:06:27,623 [INFO] BlockDiagram:2775 - set Specific Code input for plugin: RCC
2026-04-28 15:06:27,625 [INFO] CodeGenerator:892 - code generatio: config db path: C:\ST\STM32CubeIDE_1.19.0\STM32CubeIDE\plugins\com.st.stm32cube.common.mx_6.15.0.202507011659\\db\
2026-04-28 15:06:27,710 [INFO] CodeEngine:265 - oldGeneratedFile, C:\Users\khale\Microcontroller-Architecture-and-Interfacing-with-ARM-Cortex\Workspace\RCC\RCC\MXTmpFiles\license.tmp_save
2026-04-28 15:06:28,038 [INFO] CodeEngine:289 - Generated code: C:\Users\khale\Microcontroller-Architecture-and-Interfacing-with-ARM-Cortex\Workspace\RCC\RCC\MXTmpFiles\license.tmp
2026-04-28 15:06:28,063 [INFO] CodeEngine:265 - oldGeneratedFile, C:\Users\khale\Microcontroller-Architecture-and-Interfacing-with-ARM-Cortex\Workspace\RCC\RCC\Core\Src\stm32f4xx_it.c_save
2026-04-28 15:06:28,187 [INFO] CodeEngine:289 - Generated code: C:\Users\khale\Microcontroller-Architecture-and-Interfacing-with-ARM-Cortex\Workspace\RCC\RCC\Core\Src\stm32f4xx_it.c
2026-04-28 15:06:28,192 [INFO] CodeEngine:265 - oldGeneratedFile, C:\Users\khale\Microcontroller-Architecture-and-Interfacing-with-ARM-Cortex\Workspace\RCC\RCC\Core\Inc\stm32f4xx_it.h_save
2026-04-28 15:06:28,266 [INFO] CodeEngine:289 - Generated code: C:\Users\khale\Microcontroller-Architecture-and-Interfacing-with-ARM-Cortex\Workspace\RCC\RCC\Core\Inc\stm32f4xx_it.h
2026-04-28 15:06:28,322 [INFO] CodeEngine:265 - oldGeneratedFile, C:\Users\khale\Microcontroller-Architecture-and-Interfacing-with-ARM-Cortex\Workspace\RCC\RCC\Core\Src\stm32f4xx_hal_msp.c_save
2026-04-28 15:06:28,442 [INFO] CodeEngine:289 - Generated code: C:\Users\khale\Microcontroller-Architecture-and-Interfacing-with-ARM-Cortex\Workspace\RCC\RCC\Core\Src\stm32f4xx_hal_msp.c
2026-04-28 15:06:28,448 [INFO] CodeEngine:265 - oldGeneratedFile, C:\Users\khale\Microcontroller-Architecture-and-Interfacing-with-ARM-Cortex\Workspace\RCC\RCC\MXTmpFiles\system.tmp_save
2026-04-28 15:06:28,555 [INFO] CodeEngine:289 - Generated code: C:\Users\khale\Microcontroller-Architecture-and-Interfacing-with-ARM-Cortex\Workspace\RCC\RCC\MXTmpFiles\system.tmp
2026-04-28 15:06:28,568 [INFO] CodeEngine:321 - oldGeneratedFile, C:\Users\khale\Microcontroller-Architecture-and-Interfacing-with-ARM-Cortex\Workspace\RCC\RCC\Core\Inc\stm32f4xx_hal_conf.h_save
2026-04-28 15:06:28,644 [INFO] CodeEngine:345 - Generated code: C:\Users\khale\Microcontroller-Architecture-and-Interfacing-with-ARM-Cortex\Workspace\RCC\RCC\Core\Inc\stm32f4xx_hal_conf.h
2026-04-28 15:06:28,698 [INFO] ApiDbMcu:532 - Load IP Config File for RCC
2026-04-28 15:06:28,709 [INFO] CodeEngine:265 - oldGeneratedFile, C:\Users\khale\Microcontroller-Architecture-and-Interfacing-with-ARM-Cortex\Workspace\RCC\RCC\Core\Inc\main.h_save
2026-04-28 15:06:28,793 [INFO] CodeEngine:289 - Generated code: C:\Users\khale\Microcontroller-Architecture-and-Interfacing-with-ARM-Cortex\Workspace\RCC\RCC\Core\Inc\main.h
2026-04-28 15:06:28,798 [INFO] CodeEngine:265 - oldGeneratedFile, C:\Users\khale\Microcontroller-Architecture-and-Interfacing-with-ARM-Cortex\Workspace\RCC\RCC\Core\Src\main.c_save
2026-04-28 15:06:28,902 [INFO] CodeEngine:289 - Generated code: C:\Users\khale\Microcontroller-Architecture-and-Interfacing-with-ARM-Cortex\Workspace\RCC\RCC\Core\Src\main.c
2026-04-28 15:06:29,237 [INFO] ProjectBuilder:3606 - Time for Copy HAL[1] : 193mS.
2026-04-28 15:06:29,244 [INFO] ProjectBuilder:5216 - Project Generator version: 4.7.0-B52
2026-04-28 15:06:29,309 [INFO] ConfigFileManager:1595 - The Die is : DIE423
2026-04-28 15:06:29,327 [INFO] ApiDbMcu:532 - Load IP Config File for FATFS
2026-04-28 15:06:29,346 [INFO] ApiDbMcu:532 - Load IP Config File for FREERTOS
2026-04-28 15:06:29,352 [INFO] ApiDbMcu:532 - Load IP Config File for LIBJPEG
2026-04-28 15:06:29,385 [INFO] ApiDbMcu:532 - Load IP Config File for MBEDTLS
2026-04-28 15:06:29,412 [INFO] ApiDbMcu:532 - Load IP Config File for USB_DEVICE
2026-04-28 15:06:29,424 [INFO] ApiDbMcu:532 - Load IP Config File for USB_HOST
2026-04-28 15:06:29,730 [INFO] LogOutputStream:77 - [STDOUT_REDIRECT] 
2026-04-28 15:06:33,235 [INFO] ProjectBuilder:5496 - Time for Generating toolchain IDE Files: 3990mS.
2026-04-28 15:06:33,236 [INFO] ProjectBuilder:3463 - Time for Copy CMSIS : 1mS.
2026-04-28 15:06:33,238 [INFO] ProjectBuilder:3463 - Time for Copy CMSIS : 0mS.
2026-04-28 15:06:34,228 [INFO] McuFinderGlobals:76 - Set McuFinderConnectedMode to true
2026-04-28 15:06:34,234 [INFO] ApiDb:448 - Save user favorites file C:\Users\khale/.stm32cubeide/favorites.mcus.txt: 1 item(s)
2026-04-28 15:06:34,235 [INFO] ApiDb:452 - User favorites MCUs=[STM32C011F4P7]
2026-04-28 20:50:24,221 [INFO] WebApp:403 - JxBrowser engine has been closed 
2026-04-28 20:56:53,213 [INFO] Activator:176 - 


2026-04-28 20:56:53,215 [INFO] Activator:177 - !SESSION log4j initialized
2026-04-28 20:56:59,608 [INFO] LogOutputStream:77 - [STDOUT_REDIRECT] 
2026-04-28 20:57:01,270 [INFO] ApplicationProperties:184 - Using Application install path: C:\ST\STM32CubeIDE_1.19.0\STM32CubeIDE\plugins\com.st.stm32cube.common.mx_6.15.0.202507011659
2026-04-28 20:57:01,295 [INFO] DbMcusXml:78 - Set database path to: C:\ST\STM32CubeIDE_1.19.0\STM32CubeIDE\plugins\com.st.stm32cube.common.mx_6.15.0.202507011659\\db\/mcu/
2026-04-28 20:57:01,295 [INFO] ApiDb:274 - Set plugin database path to: C:\ST\STM32CubeIDE_1.19.0\STM32CubeIDE\plugins\com.st.stm32cube.common.mx_6.15.0.202507011659\\db\/plugins/boardmanager/
2026-04-28 20:57:01,295 [WARN] ApiDb:259 - Overriding images path with different value:  => C:\ST\STM32CubeIDE_1.19.0\STM32CubeIDE\plugins\com.st.stm32cube.common.mx_6.15.0.202507011659\\db\/plugins/mcufinder/images/
2026-04-28 20:57:01,313 [INFO] ApiDb:250 - Set database path to: C:\Users\khale\.stmcufinder\plugins\mcufinder//mcu/
2026-04-28 20:57:01,314 [INFO] DbMcusAds:125 - Set database path to: C:\Users\khale\.stmcufinder\plugins\mcufinder//mcu/
2026-04-28 20:57:01,316 [INFO] CrossReferenceDbSqlite:203 - Set database path to: C:\Users\khale\.stmcufinder\plugins\mcufinder//mcu/cs/
2026-04-28 20:57:01,436 [INFO] RulesReader:64 - Compatibility file has been processed (317 Rules)
2026-04-28 20:57:01,541 [INFO] DbMcusXml:78 - Set database path to: C:\ST\STM32CubeIDE_1.19.0\STM32CubeIDE\plugins\com.st.stm32cube.common.mx_6.15.0.202507011659\\db\/mcu/
2026-04-28 20:57:01,542 [INFO] ApiDb:274 - Set plugin database path to: C:\ST\STM32CubeIDE_1.19.0\STM32CubeIDE\plugins\com.st.stm32cube.common.mx_6.15.0.202507011659\\db\/plugins/boardmanager/
2026-04-28 20:57:01,542 [INFO] ApiDb:261 - Set plugin images path to: C:\ST\STM32CubeIDE_1.19.0\STM32CubeIDE\plugins\com.st.stm32cube.common.mx_6.15.0.202507011659\\db\/plugins/mcufinder/images/
2026-04-28 20:57:01,542 [WARN] DbFile:41 - Overriding database path with different value: C:\Users\khale\.stmcufinder\plugins\mcufinder/ => C:\Users\khale\.stmcufinder\plugins\mcufinder
2026-04-28 20:57:01,542 [INFO] ApiDb:250 - Set database path to: C:\Users\khale\.stmcufinder\plugins\mcufinder//mcu/
2026-04-28 20:57:01,543 [WARN] DbFile:41 - Overriding database path with different value: C:\Users\khale\.stmcufinder\plugins\mcufinder/ => C:\Users\khale\.stmcufinder\plugins\mcufinder
2026-04-28 20:57:01,543 [INFO] DbMcusAds:125 - Set database path to: C:\Users\khale\.stmcufinder\plugins\mcufinder//mcu/
2026-04-28 20:57:01,543 [WARN] DbFile:41 - Overriding database path with different value: C:\Users\khale\.stmcufinder\plugins\mcufinder/ => C:\Users\khale\.stmcufinder\plugins\mcufinder
2026-04-28 20:57:01,543 [WARN] DbFile:41 - Overriding database path with different value: C:\Users\khale\.stmcufinder\plugins\mcufinder/ => C:\Users\khale\.stmcufinder\plugins\mcufinder
2026-04-28 20:57:01,543 [INFO] CrossReferenceDbSqlite:203 - Set database path to: C:\Users\khale\.stmcufinder\plugins\mcufinder//mcu/cs/
2026-04-28 20:57:01,635 [INFO] MainPanel:274 - HeapMemory: 268435456
2026-04-28 20:57:01,753 [INFO] DbMcusXml:78 - Set database path to: C:\ST\STM32CubeIDE_1.19.0\STM32CubeIDE\plugins\com.st.stm32cube.common.mx_6.15.0.202507011659\\db\/mcu/
2026-04-28 20:57:01,753 [INFO] ApiDb:274 - Set plugin database path to: C:\ST\STM32CubeIDE_1.19.0\STM32CubeIDE\plugins\com.st.stm32cube.common.mx_6.15.0.202507011659\\db\/plugins/boardmanager/
2026-04-28 20:57:01,753 [INFO] ApiDb:261 - Set plugin images path to: C:\ST\STM32CubeIDE_1.19.0\STM32CubeIDE\plugins\com.st.stm32cube.common.mx_6.15.0.202507011659\\db\/plugins/mcufinder/images/
2026-04-28 20:57:01,753 [WARN] DbFile:41 - Overriding database path with different value: C:\Users\khale\.stmcufinder\plugins\mcufinder/ => C:\Users\khale\.stmcufinder\plugins\mcufinder
2026-04-28 20:57:01,753 [INFO] ApiDb:250 - Set database path to: C:\Users\khale\.stmcufinder\plugins\mcufinder//mcu/
2026-04-28 20:57:01,755 [WARN] DbFile:41 - Overriding database path with different value: C:\Users\khale\.stmcufinder\plugins\mcufinder/ => C:\Users\khale\.stmcufinder\plugins\mcufinder
2026-04-28 20:57:01,755 [INFO] DbMcusAds:125 - Set database path to: C:\Users\khale\.stmcufinder\plugins\mcufinder//mcu/
2026-04-28 20:57:01,755 [WARN] DbFile:41 - Overriding database path with different value: C:\Users\khale\.stmcufinder\plugins\mcufinder/ => C:\Users\khale\.stmcufinder\plugins\mcufinder
2026-04-28 20:57:01,755 [WARN] DbFile:41 - Overriding database path with different value: C:\Users\khale\.stmcufinder\plugins\mcufinder/ => C:\Users\khale\.stmcufinder\plugins\mcufinder
2026-04-28 20:57:01,755 [INFO] CrossReferenceDbSqlite:203 - Set database path to: C:\Users\khale\.stmcufinder\plugins\mcufinder//mcu/cs/
2026-04-28 20:57:01,774 [INFO] ApplicationProperties:184 - Using Application install path: C:\ST\STM32CubeIDE_1.19.0\STM32CubeIDE\plugins\com.st.stm32cube.common.mx_6.15.0.202507011659
2026-04-28 20:57:01,776 [INFO] PluginManage:196 - Search for loadable plugins [exclusion list=, ]
2026-04-28 20:57:01,778 [INFO] PluginManage:310 - Check plugin analytics
2026-04-28 20:57:01,953 [INFO] AnalyticsPlugin:253 - Accepted Software Licenses: 
2026-04-28 20:57:01,953 [INFO] AnalyticsPlugin:255 - Accepted CMSIS Pack Licenses: 
2026-04-28 20:57:01,953 [INFO] AnalyticsPlugin:257 - Accepted Firmware Licenses: 
2026-04-28 20:57:01,956 [INFO] PluginManage:359 - Loaded plugin analytics (category:tool,tabindex:-1)
2026-04-28 20:57:01,956 [INFO] PluginManage:310 - Check plugin cadmodel
2026-04-28 20:57:01,963 [INFO] CADModel:105 - Init CAD model plugin
2026-04-28 20:57:01,965 [INFO] PluginManage:359 - Loaded plugin cadmodel (category:power,tabindex:5)
2026-04-28 20:57:01,965 [INFO] PluginManage:310 - Check plugin clock
2026-04-28 20:57:01,985 [INFO] PluginManage:359 - Loaded plugin clock (category:base,tabindex:2)
2026-04-28 20:57:01,986 [INFO] PluginManage:310 - Check plugin ddr
2026-04-28 20:57:01,988 [INFO] PluginManage:359 - Loaded plugin ddr (category:tool,tabindex:6)
2026-04-28 20:57:01,988 [INFO] PluginManage:310 - Check plugin filemanager
2026-04-28 20:57:02,142 [INFO] PluginManage:359 - Loaded plugin filemanager (category:base,tabindex:10)
2026-04-28 20:57:02,143 [INFO] PluginManage:310 - Check plugin ipmanager
2026-04-28 20:57:02,151 [INFO] PluginManage:359 - Loaded plugin ipmanager (category:base,tabindex:5)
2026-04-28 20:57:02,152 [INFO] PluginManage:310 - Check plugin lpbam
2026-04-28 20:57:02,161 [INFO] PluginManage:359 - Loaded plugin lpbam (category:base,tabindex:0)
2026-04-28 20:57:02,161 [INFO] PluginManage:310 - Check plugin memorymap
2026-04-28 20:57:02,176 [INFO] PluginManage:359 - Loaded plugin memorymap (category:base,tabindex:4)
2026-04-28 20:57:02,177 [INFO] PluginManage:310 - Check plugin pinoutandconfiguration
2026-04-28 20:57:02,186 [INFO] PluginManage:359 - Loaded plugin pinoutandconfiguration (category:base,tabindex:1)
2026-04-28 20:57:02,186 [INFO] PluginManage:310 - Check plugin pinoutconfig
2026-04-28 20:57:02,279 [WARN] SupportedApi:132 - Cannot load RTOS API schema: s4s-elt-must-match.1: The content of 'definitions' must match (annotation?, (simpleType | complexType)?, (unique | key | keyref)*)). A problem was found starting at: attribute.
2026-04-28 20:57:02,417 [INFO] PluginManage:359 - Loaded plugin pinoutconfig (category:base,tabindex:0)
2026-04-28 20:57:02,417 [INFO] PluginManage:310 - Check plugin power
2026-04-28 20:57:02,428 [INFO] PluginManage:359 - Loaded plugin power (category:power,tabindex:4)
2026-04-28 20:57:02,428 [INFO] PluginManage:310 - Check plugin projectmanager
2026-04-28 20:57:02,450 [INFO] PluginManage:359 - Loaded plugin projectmanager (category:projectmanager,tabindex:4)
2026-04-28 20:57:02,450 [INFO] PluginManage:310 - Check plugin rif
2026-04-28 20:57:02,465 [INFO] PluginManage:359 - Loaded plugin rif (category:base,tabindex:3)
2026-04-28 20:57:02,465 [INFO] PluginManage:310 - Check plugin thirdparty
2026-04-28 20:57:02,673 [INFO] PluginManage:359 - Loaded plugin thirdparty (category:base,tabindex:-1)
2026-04-28 20:57:02,673 [WARN] IntegrityCheckThread:84 - waiting for thirdparty lock release [integrity check]
2026-04-28 20:57:02,673 [INFO] PluginManage:310 - Check plugin tools
2026-04-28 20:57:02,674 [INFO] IntegrityCheckThread:86 - entering critical section [integrity check]
2026-04-28 20:57:02,674 [INFO] ThirdPartyUpdaterWithRetryManager:70 - Updater plugin not ready yet. [1/15]
2026-04-28 20:57:02,678 [INFO] PluginManage:359 - Loaded plugin tools (category:base,tabindex:7)
2026-04-28 20:57:02,678 [INFO] PluginManage:310 - Check plugin tutovideos
2026-04-28 20:57:02,908 [INFO] PluginManage:359 - Loaded plugin tutovideos (category:base,tabindex:-1)
2026-04-28 20:57:02,908 [INFO] PluginManage:310 - Check plugin updater
2026-04-28 20:57:02,929 [INFO] PluginManage:359 - Loaded plugin updater (category:base,tabindex:12)
2026-04-28 20:57:02,929 [INFO] PluginManage:310 - Check plugin userauth
2026-04-28 20:57:02,934 [INFO] UserAuth:118 - Init User Auth plugin
2026-04-28 20:57:02,935 [INFO] PluginManage:359 - Loaded plugin userauth (category:base,tabindex:14)
2026-04-28 20:57:02,936 [INFO] PluginManage:283 - PluginManage : Loaded plugins [18]
2026-04-28 20:57:03,175 [INFO] PinOutPanel:1589 - setPackage(No Configuration,No Configuration)
2026-04-28 20:57:03,266 [INFO] CADModel:165 - CPN selected for project level
2026-04-28 20:57:03,267 [INFO] CADModel:114 - Register for checkConnection events
2026-04-28 20:57:03,285 [INFO] IPUIPlugin:80 - create IPUIPlugin
2026-04-28 20:57:03,285 [INFO] PluginManager:220 - loadIPPluginJar : add adc
2026-04-28 20:57:03,288 [INFO] IPUIPlugin:80 - create IPUIPlugin
2026-04-28 20:57:03,289 [INFO] PluginManager:220 - loadIPPluginJar : add aes
2026-04-28 20:57:03,292 [INFO] IPUIPlugin:80 - create IPUIPlugin
2026-04-28 20:57:03,292 [INFO] PluginManager:220 - loadIPPluginJar : add can
2026-04-28 20:57:03,294 [INFO] IPUIPlugin:80 - create IPUIPlugin
2026-04-28 20:57:03,294 [INFO] PluginManager:220 - loadIPPluginJar : add comp
2026-04-28 20:57:03,296 [INFO] IPUIPlugin:80 - create IPUIPlugin
2026-04-28 20:57:03,297 [INFO] PluginManager:220 - loadIPPluginJar : add cryp
2026-04-28 20:57:03,300 [INFO] IPUIPlugin:80 - create IPUIPlugin
2026-04-28 20:57:03,301 [INFO] PluginManager:220 - loadIPPluginJar : add ddr_ctrl_phy
2026-04-28 20:57:03,304 [INFO] IPUIPlugin:80 - create IPUIPlugin
2026-04-28 20:57:03,305 [INFO] PluginManager:220 - loadIPPluginJar : add dfsdm
2026-04-28 20:57:03,313 [INFO] IPUIPlugin:80 - create IPUIPlugin
2026-04-28 20:57:03,314 [INFO] PluginManager:220 - loadIPPluginJar : add dma
2026-04-28 20:57:03,318 [INFO] IPUIPlugin:80 - create IPUIPlugin
2026-04-28 20:57:03,318 [INFO] PluginManager:220 - loadIPPluginJar : add dma3
2026-04-28 20:57:03,322 [INFO] IPUIPlugin:80 - create IPUIPlugin
2026-04-28 20:57:03,322 [INFO] PluginManager:220 - loadIPPluginJar : add extmemmanager
2026-04-28 20:57:03,324 [INFO] IPUIPlugin:80 - create IPUIPlugin
2026-04-28 20:57:03,324 [INFO] PluginManager:220 - loadIPPluginJar : add fatfs
2026-04-28 20:57:03,330 [INFO] IPUIPlugin:80 - create IPUIPlugin
2026-04-28 20:57:03,330 [INFO] PluginManager:220 - loadIPPluginJar : add fmc
2026-04-28 20:57:03,339 [INFO] IPUIPlugin:80 - create IPUIPlugin
2026-04-28 20:57:03,339 [INFO] PluginManager:220 - loadIPPluginJar : add freertos
2026-04-28 20:57:03,343 [INFO] IPUIPlugin:80 - create IPUIPlugin
2026-04-28 20:57:03,343 [INFO] PluginManager:220 - loadIPPluginJar : add genericplugin
2026-04-28 20:57:03,347 [INFO] IPUIPlugin:80 - create IPUIPlugin
2026-04-28 20:57:03,347 [INFO] PluginManager:220 - loadIPPluginJar : add gfxmmu
2026-04-28 20:57:03,353 [INFO] IPUIPlugin:80 - create IPUIPlugin
2026-04-28 20:57:03,353 [INFO] PluginManager:220 - loadIPPluginJar : add gic
2026-04-28 20:57:03,358 [INFO] IPUIPlugin:80 - create IPUIPlugin
2026-04-28 20:57:03,358 [INFO] PluginManager:220 - loadIPPluginJar : add gpio
2026-04-28 20:57:03,361 [INFO] IPUIPlugin:80 - create IPUIPlugin
2026-04-28 20:57:03,362 [INFO] PluginManager:220 - loadIPPluginJar : add gtzc
2026-04-28 20:57:03,365 [INFO] IPUIPlugin:80 - create IPUIPlugin
2026-04-28 20:57:03,365 [INFO] PluginManager:220 - loadIPPluginJar : add hash
2026-04-28 20:57:03,369 [INFO] IPUIPlugin:80 - create IPUIPlugin
2026-04-28 20:57:03,369 [INFO] PluginManager:220 - loadIPPluginJar : add i2c
2026-04-28 20:57:03,373 [INFO] IPUIPlugin:80 - create IPUIPlugin
2026-04-28 20:57:03,374 [INFO] PluginManager:220 - loadIPPluginJar : add i2s
2026-04-28 20:57:03,377 [INFO] IPUIPlugin:80 - create IPUIPlugin
2026-04-28 20:57:03,378 [INFO] PluginManager:220 - loadIPPluginJar : add i3c
2026-04-28 20:57:03,383 [INFO] IPUIPlugin:80 - create IPUIPlugin
2026-04-28 20:57:03,384 [INFO] PluginManager:220 - loadIPPluginJar : add ipddr
2026-04-28 20:57:03,393 [INFO] IPUIPlugin:80 - create IPUIPlugin
2026-04-28 20:57:03,393 [INFO] PluginManager:220 - loadIPPluginJar : add linkedlist
2026-04-28 20:57:03,397 [INFO] IPUIPlugin:80 - create IPUIPlugin
2026-04-28 20:57:03,397 [INFO] PluginManager:220 - loadIPPluginJar : add lorawan
2026-04-28 20:57:03,400 [INFO] IPUIPlugin:80 - create IPUIPlugin
2026-04-28 20:57:03,400 [INFO] PluginManager:220 - loadIPPluginJar : add ltdc
2026-04-28 20:57:03,406 [INFO] IPUIPlugin:80 - create IPUIPlugin
2026-04-28 20:57:03,406 [INFO] PluginManager:220 - loadIPPluginJar : add mdma
2026-04-28 20:57:03,411 [INFO] IPUIPlugin:80 - create IPUIPlugin
2026-04-28 20:57:03,412 [INFO] PluginManager:220 - loadIPPluginJar : add nvic
2026-04-28 20:57:03,415 [INFO] IPUIPlugin:80 - create IPUIPlugin
2026-04-28 20:57:03,415 [INFO] PluginManager:220 - loadIPPluginJar : add opamp
2026-04-28 20:57:03,419 [INFO] IPUIPlugin:80 - create IPUIPlugin
2026-04-28 20:57:03,419 [INFO] PluginManager:220 - loadIPPluginJar : add openamp
2026-04-28 20:57:03,423 [INFO] IPUIPlugin:80 - create IPUIPlugin
2026-04-28 20:57:03,423 [INFO] PluginManager:220 - loadIPPluginJar : add pdm2pcm
2026-04-28 20:57:03,431 [INFO] IPUIPlugin:80 - create IPUIPlugin
2026-04-28 20:57:03,434 [INFO] PluginManager:220 - loadIPPluginJar : add plateformsettings
2026-04-28 20:57:03,437 [INFO] IPUIPlugin:80 - create IPUIPlugin
2026-04-28 20:57:03,437 [INFO] PluginManager:220 - loadIPPluginJar : add quadspi
2026-04-28 20:57:03,440 [INFO] IPUIPlugin:80 - create IPUIPlugin
2026-04-28 20:57:03,441 [INFO] PluginManager:220 - loadIPPluginJar : add radio
2026-04-28 20:57:03,446 [INFO] IPUIPlugin:80 - create IPUIPlugin
2026-04-28 20:57:03,446 [INFO] PluginManager:220 - loadIPPluginJar : add resmgrutility
2026-04-28 20:57:03,450 [INFO] IPUIPlugin:80 - create IPUIPlugin
2026-04-28 20:57:03,450 [INFO] PluginManager:220 - loadIPPluginJar : add sai
2026-04-28 20:57:03,454 [INFO] IPUIPlugin:80 - create IPUIPlugin
2026-04-28 20:57:03,454 [INFO] PluginManager:220 - loadIPPluginJar : add spi
2026-04-28 20:57:03,461 [INFO] IPUIPlugin:80 - create IPUIPlugin
2026-04-28 20:57:03,461 [INFO] PluginManager:220 - loadIPPluginJar : add stm32_wpan
2026-04-28 20:57:03,464 [INFO] IPUIPlugin:80 - create IPUIPlugin
2026-04-28 20:57:03,464 [INFO] PluginManager:220 - loadIPPluginJar : add tim
2026-04-28 20:57:03,468 [INFO] IPUIPlugin:80 - create IPUIPlugin
2026-04-28 20:57:03,468 [INFO] PluginManager:220 - loadIPPluginJar : add touchsensing
2026-04-28 20:57:03,471 [INFO] IPUIPlugin:80 - create IPUIPlugin
2026-04-28 20:57:03,471 [INFO] PluginManager:220 - loadIPPluginJar : add tracer_emb
2026-04-28 20:57:03,475 [INFO] IPUIPlugin:80 - create IPUIPlugin
2026-04-28 20:57:03,475 [INFO] PluginManager:220 - loadIPPluginJar : add ts
2026-04-28 20:57:03,477 [INFO] IPUIPlugin:80 - create IPUIPlugin
2026-04-28 20:57:03,477 [INFO] PluginManager:220 - loadIPPluginJar : add tsc
2026-04-28 20:57:03,481 [INFO] IPUIPlugin:80 - create IPUIPlugin
2026-04-28 20:57:03,481 [INFO] PluginManager:220 - loadIPPluginJar : add ucpd
2026-04-28 20:57:03,484 [INFO] IPUIPlugin:80 - create IPUIPlugin
2026-04-28 20:57:03,485 [INFO] PluginManager:220 - loadIPPluginJar : add usart
2026-04-28 20:57:03,488 [INFO] IPUIPlugin:80 - create IPUIPlugin
2026-04-28 20:57:03,488 [INFO] PluginManager:220 - loadIPPluginJar : add usbx
2026-04-28 20:57:03,617 [FATAL] Updater:351 - Updater called before beeing initialized
2026-04-28 20:57:03,656 [INFO] RulesReader:64 - Compatibility file has been processed (317 Rules)
2026-04-28 20:57:03,669 [INFO] RulesReader:64 - Compatibility file has been processed (317 Rules)
2026-04-28 20:57:03,677 [INFO] CADModel:165 - CPN selected for project level
2026-04-28 20:57:03,677 [INFO] CADModel:114 - Register for checkConnection events
2026-04-28 20:57:03,677 [FATAL] Updater:351 - Updater called before beeing initialized
2026-04-28 20:57:03,677 [ERROR] CADModel:125 - Updater not yet initialized, retry later 
2026-04-28 20:57:03,828 [FATAL] Updater:351 - Updater called before beeing initialized
2026-04-28 20:57:03,831 [INFO] CADModel:165 - CPN selected for project level
2026-04-28 20:57:03,831 [INFO] CADModel:114 - Register for checkConnection events
2026-04-28 20:57:03,831 [FATAL] Updater:351 - Updater called before beeing initialized
2026-04-28 20:57:03,831 [ERROR] CADModel:125 - Updater not yet initialized, retry later 
2026-04-28 20:57:03,834 [FATAL] Updater:351 - Updater called before beeing initialized
2026-04-28 20:57:03,942 [FATAL] Updater:351 - Updater called before beeing initialized
2026-04-28 20:57:03,946 [INFO] DbMcusAds:53 - JSON generation date=Mon Apr 27 10:14:29 GMT+02:00 2026 (1777277669683)
2026-04-28 20:57:03,947 [FATAL] Updater:351 - Updater called before beeing initialized
2026-04-28 20:57:04,009 [WARN] DetailPanel:346 - Failed to get advertising image, set to default
2026-04-28 20:57:04,104 [FATAL] Updater:351 - Updater called before beeing initialized
2026-04-28 20:57:04,106 [FATAL] Updater:351 - Updater called before beeing initialized
2026-04-28 20:57:04,106 [FATAL] Updater:351 - Updater called before beeing initialized
2026-04-28 20:57:04,106 [WARN] DetailPanel:346 - Failed to get advertising image, set to default
2026-04-28 20:57:04,107 [FATAL] Updater:351 - Updater called before beeing initialized
2026-04-28 20:57:04,164 [ERROR] Updater:1198 - MainUpdater not yet initialized. External WinMGr cannot be set.
2026-04-28 20:57:04,168 [INFO] Updater:1134 - Updater Version found : 6.15.0
2026-04-28 20:57:04,188 [INFO] ApplicationProperties:184 - Using Application install path: C:\ST\STM32CubeIDE_1.19.0\STM32CubeIDE\plugins\com.st.stm32cube.common.mx_6.15.0.202507011659
2026-04-28 20:57:05,676 [INFO] ThirdPartyUpdaterWithRetryManager:70 - Updater plugin not ready yet. [2/15]
2026-04-28 20:57:05,765 [ERROR] LogOutputStream:75 - [STDERR_REDIRECT] Apr 28, 2026 8:57:05 PM java.util.prefs.WindowsPreferences <init>
2026-04-28 20:57:05,766 [ERROR] LogOutputStream:75 - [STDERR_REDIRECT] WARNING: Could not open/create prefs root node Software\JavaSoft\Prefs at root 0xffffffff80000002. Windows RegCreateKeyEx(...) returned error code 5.
2026-04-28 20:57:05,767 [ERROR] LogOutputStream:75 - [STDERR_REDIRECT] 
2026-04-28 20:57:06,251 [INFO] MainUpdater:2872 - connection check result : 10
2026-04-28 20:57:06,252 [INFO] MainUpdater:289 - Updater Check For Update Now.
2026-04-28 20:57:06,252 [INFO] MicroXplorer:498 - Change Database Version : DB.6.0.150
2026-04-28 20:57:06,262 [INFO] McuFinderGlobals:63 - Set McuFinder mode to 2 (CubeIDE integrated)
2026-04-28 20:57:06,264 [INFO] UserAuth:487 - Internet connection configuration mode: 1
2026-04-28 20:57:06,301 [INFO] JxBrowserEngine:152 - Initiate JxBrowser Engine with user profile folder
2026-04-28 20:57:06,429 [INFO] CheckServerUpdateThread:120 - End of CheckServer Thread
2026-04-28 20:57:08,135 [INFO] WebApp:169 - Instantiating new browser for Auth
2026-04-28 20:57:09,213 [INFO] WebApp:463 - Apply proxy settings
2026-04-28 20:57:09,214 [INFO] WebApp:548 - Chromium requires no authentication
2026-04-28 20:57:09,256 [INFO] WebApp:491 - Direct internet connection detected
2026-04-28 20:57:09,336 [INFO] WebApp:900 - Register for checkConnection events
2026-04-28 20:57:09,336 [INFO] WebApp:463 - Apply proxy settings
2026-04-28 20:57:09,336 [INFO] WebApp:548 - Chromium requires no authentication
2026-04-28 20:57:09,336 [INFO] WebApp:491 - Direct internet connection detected
2026-04-28 20:57:09,504 [WARN] PackLoader:240 - Cannot read IP mode file for STMicroelectronics.X-CUBE-AZRTOS-H7.3.5.0
2026-04-28 20:57:09,546 [WARN] PackLoader:240 - Cannot read IP mode file for STMicroelectronics.FP-SNS-MOTENVWB1.1.4.0
2026-04-28 20:57:09,555 [WARN] PackLoader:240 - Cannot read IP mode file for STMicroelectronics.FP-ATR-ASTRA1.2.0.2
2026-04-28 20:57:09,565 [INFO] WebApp:191 - Connection restablished
2026-04-28 20:57:09,572 [WARN] PackLoader:240 - Cannot read IP mode file for STMicroelectronics.X-CUBE-SMBUS.2.1.0
2026-04-28 20:57:09,578 [WARN] PackLoader:240 - Cannot read IP mode file for STMicroelectronics.X-CUBE-ST60.1.0.0
2026-04-28 20:57:09,599 [WARN] PackLoader:240 - Cannot read IP mode file for STMicroelectronics.X-CUBE-AZRTOS-F7.1.1.0
2026-04-28 20:57:09,608 [WARN] PackLoader:240 - Cannot read IP mode file for Cesanta.I-CUBE-Mongoose.7.19.0
2026-04-28 20:57:09,613 [WARN] PackLoader:240 - Cannot read IP mode file for STMicroelectronics.FP-SNS-MOTENV1.5.1.0
2026-04-28 20:57:09,629 [WARN] PackLoader:240 - Cannot read IP mode file for WES.I-CUBE-Cesium.1.4.0
2026-04-28 20:57:09,663 [WARN] PackLoader:240 - Cannot read IP mode file for Infineon.AIROC-Wi-Fi-Bluetooth-STM32.1.7.1
2026-04-28 20:57:09,689 [WARN] PackLoader:240 - Cannot read IP mode file for STMicroelectronics.X-CUBE-AZRTOS-H7.3.4.0
2026-04-28 20:57:09,701 [WARN] PackLoader:240 - Cannot read IP mode file for STMicroelectronics.X-CUBE-DISPLAY.3.0.0
2026-04-28 20:57:09,714 [WARN] PackLoader:240 - Cannot read IP mode file for STMicroelectronics.X-CUBE-GNSS1.7.1.1
2026-04-28 20:57:09,720 [WARN] PackLoader:240 - Cannot read IP mode file for STMicroelectronics.FP-SNS-MOTENVWB1.1.5.0
2026-04-28 20:57:09,728 [WARN] PackLoader:240 - Cannot read IP mode file for STMicroelectronics.X-CUBE-NFC10.1.0.0
2026-04-28 20:57:09,734 [WARN] PackLoader:240 - Cannot read IP mode file for STMicroelectronics.X-CUBE-ST60.1.1.0
2026-04-28 20:57:09,741 [WARN] PackLoader:240 - Cannot read IP mode file for emotas.I-CUBE-CANOPEN.1.3.0
2026-04-28 20:57:09,746 [WARN] PackLoader:240 - Cannot read IP mode file for STMicroelectronics.X-CUBE-GNSS1.7.1.0
2026-04-28 20:57:09,755 [WARN] PackLoader:240 - Cannot read IP mode file for STMicroelectronics.FP-SNS-STBOX1.2.1.0
2026-04-28 20:57:09,762 [WARN] PackLoader:240 - Cannot read IP mode file for STMicroelectronics.FP-SNS-SMARTAG2.1.2.0
2026-04-28 20:57:09,766 [WARN] PackLoader:240 - Cannot read IP mode file for STMicroelectronics.FP-SNS-FLIGHT1.5.1.0
2026-04-28 20:57:09,776 [INFO] LogOutputStream:77 - [STDOUT_REDIRECT] 1 : Invalid condition id : UX_CORESTACK_Condition cause : null
2026-04-28 20:57:09,777 [INFO] LogOutputStream:77 - [STDOUT_REDIRECT] 1 : Invalid condition id : UX_CORESTACK_Condition cause : null
2026-04-28 20:57:09,778 [INFO] LogOutputStream:77 - [STDOUT_REDIRECT] 1 : Invalid condition id : UX_CORESTACK_Condition cause : null
2026-04-28 20:57:09,780 [INFO] LogOutputStream:77 - [STDOUT_REDIRECT] 1 : Invalid condition id : UX_CORESTACK_Condition cause : null
2026-04-28 20:57:09,781 [INFO] LogOutputStream:77 - [STDOUT_REDIRECT] 1 : Invalid condition id : UX_CORESTACK_Condition cause : null
2026-04-28 20:57:09,783 [WARN] PackLoader:240 - Cannot read IP mode file for STMicroelectronics.X-CUBE-AZRTOS-WL.2.0.0
2026-04-28 20:57:09,790 [WARN] PackLoader:240 - Cannot read IP mode file for STMicroelectronics.FP-SNS-MOTENV1.5.0.0
2026-04-28 20:57:09,811 [WARN] PackLoader:240 - Cannot read IP mode file for STMicroelectronics.X-CUBE-AZRTOS-H7RS.1.2.0
2026-04-28 20:57:09,824 [WARN] PackLoader:240 - Cannot read IP mode file for STMicroelectronics.X-CUBE-BLE2.3.3.0
2026-04-28 20:57:09,860 [WARN] PackLoader:240 - Cannot read IP mode file for STMicroelectronics.X-CUBE-NFC9.1.0.0
2026-04-28 20:57:09,877 [WARN] PackLoader:240 - Cannot read IP mode file for wolfSSL.I-CUBE-wolfSSL.5.8.2
2026-04-28 20:57:09,882 [WARN] PackLoader:240 - Cannot read IP mode file for STMicroelectronics.X-CUBE-BLE1.7.1.0
2026-04-28 20:57:09,888 [WARN] PackLoader:240 - Cannot read IP mode file for wolfSSL.I-CUBE-wolfMQTT.1.19.2
2026-04-28 20:57:09,892 [WARN] PackLoader:240 - Cannot read IP mode file for STMicroelectronics.X-CUBE-FREERTOS.1.4.0
2026-04-28 20:57:09,899 [WARN] PackLoader:240 - Cannot read IP mode file for STMicroelectronics.X-CUBE-EEPRMA1.5.2.0
2026-04-28 20:57:09,906 [WARN] PackLoader:240 - Cannot read IP mode file for STMicroelectronics.X-CUBE-ST67W61.1.1.0
2026-04-28 20:57:09,912 [WARN] PackLoader:240 - Cannot read IP mode file for STMicroelectronics.FP-SNS-STAIOTCFT.1.1.0
2026-04-28 20:57:09,941 [WARN] PackLoader:240 - Cannot read IP mode file for STMicroelectronics.X-CUBE-MEMS1.12.0.0
2026-04-28 20:57:09,956 [INFO] WebApp:225 - Starting web application
2026-04-28 20:57:09,957 [INFO] WebApp:593 - Web application path used C:\ST\STM32CubeIDE_1.19.0\STM32CubeIDE\plugins\com.st.stm32cube.common.mx_6.15.0.202507011659\db\plugins\mcufinder\reactClient1\index.html
2026-04-28 20:57:10,047 [WARN] PackLoader:240 - Cannot read IP mode file for STMicroelectronics.X-CUBE-AZRTOS-G0.1.1.0
2026-04-28 20:57:10,057 [WARN] PackLoader:240 - Cannot read IP mode file for STMicroelectronics.X-CUBE-SAFEA1.1.2.2
2026-04-28 20:57:10,064 [WARN] PackLoader:240 - Cannot read IP mode file for STMicroelectronics.X-CUBE-NFC4.3.0.0
2026-04-28 20:57:10,075 [WARN] PackLoader:240 - Cannot read IP mode file for EmbeddedOffice.I-CUBE-FS-RTOS.1.0.1
2026-04-28 20:57:10,083 [WARN] PackLoader:240 - Cannot read IP mode file for STMicroelectronics.X-CUBE-WB05N.2.0.0
2026-04-28 20:57:10,088 [WARN] PackLoader:240 - Cannot read IP mode file for wolfSSL.I-CUBE-wolfTPM.3.8.0
2026-04-28 20:57:10,095 [WARN] PackLoader:240 - Cannot read IP mode file for STMicroelectronics.X-CUBE-TCPP.4.2.0
2026-04-28 20:57:10,103 [WARN] PackLoader:240 - Cannot read IP mode file for RealThread.X-CUBE-RT-Thread_Nano.4.1.1
2026-04-28 20:57:10,113 [WARN] PackLoader:240 - Cannot read IP mode file for STMicroelectronics.FP-ATR-SIGFOX1.3.2.0
2026-04-28 20:57:10,120 [WARN] PackLoader:240 - Cannot read IP mode file for STMicroelectronics.X-CUBE-FREERTOS.1.5.0
2026-04-28 20:57:10,127 [WARN] PackLoader:240 - Cannot read IP mode file for ITTIA_DB.I-CUBE-ITTIADB.8.9.0
2026-04-28 20:57:10,137 [WARN] PackLoader:240 - Cannot read IP mode file for STMicroelectronics.X-CUBE-NFC6.3.2.0
2026-04-28 20:57:10,149 [WARN] PackLoader:240 - Cannot read IP mode file for STMicroelectronics.X-CUBE-ST67W61.1.0.0
2026-04-28 20:57:10,156 [WARN] PackLoader:240 - Cannot read IP mode file for STMicroelectronics.X-CUBE-AI.10.2.0
2026-04-28 20:57:10,198 [WARN] PackLoader:240 - Cannot read IP mode file for STMicroelectronics.X-CUBE-MEMS1.12.1.0
2026-04-28 20:57:10,286 [WARN] PackLoader:240 - Cannot read IP mode file for SEGGER.I-CUBE-embOS.1.3.1
2026-04-28 20:57:10,324 [WARN] PackLoader:240 - Cannot read IP mode file for STMicroelectronics.X-CUBE-ALGOBUILD.1.4.0
2026-04-28 20:57:10,409 [INFO] UserAuth:487 - Internet connection configuration mode: 1
2026-04-28 20:57:10,415 [WARN] PackLoader:240 - Cannot read IP mode file for STMicroelectronics.X-CUBE-MEMS1.11.3.0
2026-04-28 20:57:10,560 [WARN] PackLoader:240 - Cannot read IP mode file for STMicroelectronics.X-CUBE-PM33A1.1.0.0
2026-04-28 20:57:10,574 [WARN] PackLoader:240 - Cannot read IP mode file for STMicroelectronics.X-CUBE-AZRTOS-F4.1.1.0
2026-04-28 20:57:10,582 [WARN] PackLoader:240 - Cannot read IP mode file for STMicroelectronics.X-CUBE-ISPU.2.1.0
2026-04-28 20:57:10,592 [WARN] PackLoader:240 - Cannot read IP mode file for STMicroelectronics.X-CUBE-IPS.3.2.0
2026-04-28 20:57:10,602 [WARN] PackLoader:240 - Cannot read IP mode file for STMicroelectronics.eDS-WB_DPC_TT-BIDIR.2.1.1
2026-04-28 20:57:10,609 [WARN] PackLoader:240 - Cannot read IP mode file for STMicroelectronics.X-CUBE-NFC12.1.0.0
2026-04-28 20:57:10,623 [WARN] PackLoader:240 - Cannot read IP mode file for STMicroelectronics.X-CUBE-AZRTOS-L5.2.0.0
2026-04-28 20:57:10,633 [WARN] PackLoader:240 - Cannot read IP mode file for STMicroelectronics.X-CUBE-NFC6.3.1.0
2026-04-28 20:57:10,643 [WARN] PackLoader:240 - Cannot read IP mode file for STMicroelectronics.eDS-WB_DPC_VIENNA.1.2.0
2026-04-28 20:57:10,647 [WARN] PackLoader:240 - Cannot read IP mode file for STMicroelectronics.eDS-WB_DPC_3PH2L-BIDIR.1.1.1
2026-04-28 20:57:10,654 [ERROR] Engine:466 - C:\Users\khale\.stm32cubemx\thirdparties\pdsc\STMicroelectronics.X-CUBE-ST67W61.1.3.0.pdsc: PDSC version is not supported
2026-04-28 20:57:10,659 [WARN] PackLoader:240 - Cannot read IP mode file for STMicroelectronics.X-CUBE-FREERTOS.1.3.1
2026-04-28 20:57:10,665 [WARN] PackLoader:240 - Cannot read IP mode file for STMicroelectronics.X-CUBE-TOUCHGFX.4.26.0
2026-04-28 20:57:10,669 [WARN] PackLoader:240 - Cannot read IP mode file for STMicroelectronics.X-CUBE-TOUCHGFX.4.26.1
2026-04-28 20:57:10,674 [WARN] PackLoader:240 - Cannot read IP mode file for STMicroelectronics.FP-SNS-STAIOTCFT.1.0.0
2026-04-28 20:57:10,679 [WARN] PackLoader:240 - Cannot read IP mode file for STMicroelectronics.X-CUBE-DPower.1.3.0
2026-04-28 20:57:10,693 [WARN] ConditionMgr:438 - getConditionDescription Invalid condition id : LAN8742 Phy interface Condition cause : null
2026-04-28 20:57:10,694 [WARN] PackLoader:240 - Cannot read IP mode file for STMicroelectronics.X-CUBE-AZRTOS-L4.2.0.0
2026-04-28 20:57:10,696 [WARN] ConditionMgr:1044 - genDependencies : Invalid condition id : LAN8742 Phy interface Condition cause : null
2026-04-28 20:57:10,696 [WARN] ConditionMgr:1044 - genDependencies : Invalid condition id : LAN8742 Phy interface Condition cause : null
2026-04-28 20:57:10,696 [WARN] ConditionMgr:1044 - genDependencies : Invalid condition id : LAN8742 Phy interface Condition cause : null
2026-04-28 20:57:10,703 [WARN] PackLoader:240 - Cannot read IP mode file for STMicroelectronics.X-CUBE-SFXS2LP1.4.0.0
2026-04-28 20:57:10,708 [WARN] PackLoader:240 - Cannot read IP mode file for STMicroelectronics.X-CUBE-WB05N.2.1.0
2026-04-28 20:57:10,717 [WARN] PackLoader:240 - Cannot read IP mode file for STMicroelectronics.X-CUBE-BLEMGR.4.1.0
2026-04-28 20:57:10,730 [WARN] ConditionMgr:438 - getConditionDescription Invalid condition id : UX DEVICE CLASS RTOS Condition cause : null
2026-04-28 20:57:10,730 [WARN] ConditionMgr:438 - getConditionDescription Invalid condition id : UX DEVICE CLASS RTOS Condition cause : null
2026-04-28 20:57:10,731 [WARN] PackLoader:240 - Cannot read IP mode file for STMicroelectronics.X-CUBE-AZRTOS-WB.2.0.0
2026-04-28 20:57:10,732 [WARN] ConditionMgr:1044 - genDependencies : Invalid condition id : UX DEVICE CLASS RTOS Condition cause : null
2026-04-28 20:57:10,732 [WARN] ConditionMgr:1044 - genDependencies : Invalid condition id : UX DEVICE CLASS RTOS Condition cause : null
2026-04-28 20:57:10,732 [WARN] ConditionMgr:1044 - genDependencies : Invalid condition id : UX DEVICE CLASS RTOS Condition cause : null
2026-04-28 20:57:10,732 [WARN] ConditionMgr:1044 - genDependencies : Invalid condition id : UX DEVICE CLASS RTOS Condition cause : null
2026-04-28 20:57:10,732 [WARN] ConditionMgr:1044 - genDependencies : Invalid condition id : UX DEVICE CLASS RTOS Condition cause : null
2026-04-28 20:57:10,740 [WARN] PackLoader:240 - Cannot read IP mode file for STMicroelectronics.X-CUBE-GNSS1.7.0.1
2026-04-28 20:57:10,746 [WARN] ConditionMgr:438 - getConditionDescription Invalid condition id : Cortex-A Device cause : null
2026-04-28 20:57:10,763 [WARN] ConditionMgr:1044 - genDependencies : Invalid condition id : Cortex-A Device cause : null
2026-04-28 20:57:10,764 [WARN] ConditionMgr:1044 - genDependencies : Invalid condition id : Cortex-A Device cause : null
2026-04-28 20:57:10,764 [WARN] ConditionMgr:1044 - genDependencies : Invalid condition id : Cortex-A Device cause : null
2026-04-28 20:57:10,769 [WARN] PackLoader:240 - Cannot read IP mode file for STMicroelectronics.X-CUBE-STSE01.2.0.0
2026-04-28 20:57:10,778 [WARN] PackLoader:240 - Cannot read IP mode file for STMicroelectronics.X-CUBE-SUBG2.5.0.0
2026-04-28 20:57:10,797 [WARN] PackLoader:240 - Cannot read IP mode file for STMicroelectronics.X-CUBE-AZRTOS-H7RS.1.1.0
2026-04-28 20:57:10,814 [WARN] PackLoader:240 - Cannot read IP mode file for STMicroelectronics.X-CUBE-AZRTOS-G4.2.0.0
2026-04-28 20:57:10,823 [WARN] PackLoader:240 - Cannot read IP mode file for wolfSSL.I-CUBE-wolfSSH.1.4.20
2026-04-28 20:57:10,829 [WARN] PackLoader:240 - Cannot read IP mode file for STMicroelectronics.X-CUBE-NFC7.2.0.0
2026-04-28 20:57:10,840 [WARN] PackLoader:240 - Cannot read IP mode file for STMicroelectronics.X-CUBE-IPS.3.1.0
2026-04-28 20:57:10,850 [WARN] PackLoader:240 - Cannot read IP mode file for STMicroelectronics.X-CUBE-ALS.1.0.2
2026-04-28 20:57:10,857 [WARN] PackLoader:240 - Cannot read IP mode file for STMicroelectronics.X-CUBE-STSE01.1.0.0
2026-04-28 20:57:10,867 [WARN] PackLoader:240 - Cannot read IP mode file for STMicroelectronics.X-CUBE-TOF1.3.4.3
2026-04-28 20:57:10,876 [INFO] ThirdParty:978 - Integrity check success = true
2026-04-28 20:57:10,876 [INFO] IntegrityCheckThread:100 - exiting critical section [integrity check]
2026-04-28 20:57:10,876 [INFO] IntegrityCheckThread:103 - End integrity checks thread
2026-04-28 21:36:08,498 [ERROR] LogOutputStream:75 - [STDERR_REDIRECT] 
2026-04-28 21:36:52,708 [INFO] Activator:176 - 


2026-04-28 21:36:52,709 [INFO] Activator:177 - !SESSION log4j initialized
2026-04-28 21:36:58,101 [INFO] LogOutputStream:77 - [STDOUT_REDIRECT] 
2026-04-28 21:36:59,418 [INFO] ApplicationProperties:184 - Using Application install path: C:\ST\STM32CubeIDE_1.19.0\STM32CubeIDE\plugins\com.st.stm32cube.common.mx_6.15.0.202507011659
2026-04-28 21:36:59,437 [INFO] DbMcusXml:78 - Set database path to: C:\ST\STM32CubeIDE_1.19.0\STM32CubeIDE\plugins\com.st.stm32cube.common.mx_6.15.0.202507011659\\db\/mcu/
2026-04-28 21:36:59,437 [INFO] ApiDb:274 - Set plugin database path to: C:\ST\STM32CubeIDE_1.19.0\STM32CubeIDE\plugins\com.st.stm32cube.common.mx_6.15.0.202507011659\\db\/plugins/boardmanager/
2026-04-28 21:36:59,437 [WARN] ApiDb:259 - Overriding images path with different value:  => C:\ST\STM32CubeIDE_1.19.0\STM32CubeIDE\plugins\com.st.stm32cube.common.mx_6.15.0.202507011659\\db\/plugins/mcufinder/images/
2026-04-28 21:36:59,446 [INFO] ApiDb:250 - Set database path to: C:\Users\khale\.stmcufinder\plugins\mcufinder//mcu/
2026-04-28 21:36:59,448 [INFO] DbMcusAds:125 - Set database path to: C:\Users\khale\.stmcufinder\plugins\mcufinder//mcu/
2026-04-28 21:36:59,450 [INFO] CrossReferenceDbSqlite:203 - Set database path to: C:\Users\khale\.stmcufinder\plugins\mcufinder//mcu/cs/
2026-04-28 21:36:59,571 [INFO] RulesReader:64 - Compatibility file has been processed (317 Rules)
2026-04-28 21:36:59,668 [INFO] DbMcusXml:78 - Set database path to: C:\ST\STM32CubeIDE_1.19.0\STM32CubeIDE\plugins\com.st.stm32cube.common.mx_6.15.0.202507011659\\db\/mcu/
2026-04-28 21:36:59,668 [INFO] ApiDb:274 - Set plugin database path to: C:\ST\STM32CubeIDE_1.19.0\STM32CubeIDE\plugins\com.st.stm32cube.common.mx_6.15.0.202507011659\\db\/plugins/boardmanager/
2026-04-28 21:36:59,668 [INFO] ApiDb:261 - Set plugin images path to: C:\ST\STM32CubeIDE_1.19.0\STM32CubeIDE\plugins\com.st.stm32cube.common.mx_6.15.0.202507011659\\db\/plugins/mcufinder/images/
2026-04-28 21:36:59,669 [WARN] DbFile:41 - Overriding database path with different value: C:\Users\khale\.stmcufinder\plugins\mcufinder/ => C:\Users\khale\.stmcufinder\plugins\mcufinder
2026-04-28 21:36:59,669 [INFO] ApiDb:250 - Set database path to: C:\Users\khale\.stmcufinder\plugins\mcufinder//mcu/
2026-04-28 21:36:59,669 [WARN] DbFile:41 - Overriding database path with different value: C:\Users\khale\.stmcufinder\plugins\mcufinder/ => C:\Users\khale\.stmcufinder\plugins\mcufinder
2026-04-28 21:36:59,669 [INFO] DbMcusAds:125 - Set database path to: C:\Users\khale\.stmcufinder\plugins\mcufinder//mcu/
2026-04-28 21:36:59,669 [WARN] DbFile:41 - Overriding database path with different value: C:\Users\khale\.stmcufinder\plugins\mcufinder/ => C:\Users\khale\.stmcufinder\plugins\mcufinder
2026-04-28 21:36:59,669 [WARN] DbFile:41 - Overriding database path with different value: C:\Users\khale\.stmcufinder\plugins\mcufinder/ => C:\Users\khale\.stmcufinder\plugins\mcufinder
2026-04-28 21:36:59,669 [INFO] CrossReferenceDbSqlite:203 - Set database path to: C:\Users\khale\.stmcufinder\plugins\mcufinder//mcu/cs/
2026-04-28 21:36:59,759 [INFO] MainPanel:274 - HeapMemory: 268435456
2026-04-28 21:36:59,879 [INFO] DbMcusXml:78 - Set database path to: C:\ST\STM32CubeIDE_1.19.0\STM32CubeIDE\plugins\com.st.stm32cube.common.mx_6.15.0.202507011659\\db\/mcu/
2026-04-28 21:36:59,879 [INFO] ApiDb:274 - Set plugin database path to: C:\ST\STM32CubeIDE_1.19.0\STM32CubeIDE\plugins\com.st.stm32cube.common.mx_6.15.0.202507011659\\db\/plugins/boardmanager/
2026-04-28 21:36:59,879 [INFO] ApiDb:261 - Set plugin images path to: C:\ST\STM32CubeIDE_1.19.0\STM32CubeIDE\plugins\com.st.stm32cube.common.mx_6.15.0.202507011659\\db\/plugins/mcufinder/images/
2026-04-28 21:36:59,879 [WARN] DbFile:41 - Overriding database path with different value: C:\Users\khale\.stmcufinder\plugins\mcufinder/ => C:\Users\khale\.stmcufinder\plugins\mcufinder
2026-04-28 21:36:59,879 [INFO] ApiDb:250 - Set database path to: C:\Users\khale\.stmcufinder\plugins\mcufinder//mcu/
2026-04-28 21:36:59,879 [WARN] DbFile:41 - Overriding database path with different value: C:\Users\khale\.stmcufinder\plugins\mcufinder/ => C:\Users\khale\.stmcufinder\plugins\mcufinder
2026-04-28 21:36:59,879 [INFO] DbMcusAds:125 - Set database path to: C:\Users\khale\.stmcufinder\plugins\mcufinder//mcu/
2026-04-28 21:36:59,879 [WARN] DbFile:41 - Overriding database path with different value: C:\Users\khale\.stmcufinder\plugins\mcufinder/ => C:\Users\khale\.stmcufinder\plugins\mcufinder
2026-04-28 21:36:59,879 [WARN] DbFile:41 - Overriding database path with different value: C:\Users\khale\.stmcufinder\plugins\mcufinder/ => C:\Users\khale\.stmcufinder\plugins\mcufinder
2026-04-28 21:36:59,880 [INFO] CrossReferenceDbSqlite:203 - Set database path to: C:\Users\khale\.stmcufinder\plugins\mcufinder//mcu/cs/
2026-04-28 21:36:59,898 [INFO] ApplicationProperties:184 - Using Application install path: C:\ST\STM32CubeIDE_1.19.0\STM32CubeIDE\plugins\com.st.stm32cube.common.mx_6.15.0.202507011659
2026-04-28 21:36:59,900 [INFO] PluginManage:196 - Search for loadable plugins [exclusion list=, ]
2026-04-28 21:36:59,901 [INFO] PluginManage:310 - Check plugin analytics
2026-04-28 21:37:00,065 [INFO] AnalyticsPlugin:253 - Accepted Software Licenses: 
2026-04-28 21:37:00,065 [INFO] AnalyticsPlugin:255 - Accepted CMSIS Pack Licenses: 
2026-04-28 21:37:00,065 [INFO] AnalyticsPlugin:257 - Accepted Firmware Licenses: 
2026-04-28 21:37:00,070 [INFO] PluginManage:359 - Loaded plugin analytics (category:tool,tabindex:-1)
2026-04-28 21:37:00,070 [INFO] PluginManage:310 - Check plugin cadmodel
2026-04-28 21:37:00,078 [INFO] CADModel:105 - Init CAD model plugin
2026-04-28 21:37:00,078 [INFO] PluginManage:359 - Loaded plugin cadmodel (category:power,tabindex:5)
2026-04-28 21:37:00,078 [INFO] PluginManage:310 - Check plugin clock
2026-04-28 21:37:00,087 [INFO] PluginManage:359 - Loaded plugin clock (category:base,tabindex:2)
2026-04-28 21:37:00,088 [INFO] PluginManage:310 - Check plugin ddr
2026-04-28 21:37:00,090 [INFO] PluginManage:359 - Loaded plugin ddr (category:tool,tabindex:6)
2026-04-28 21:37:00,090 [INFO] PluginManage:310 - Check plugin filemanager
2026-04-28 21:37:00,241 [INFO] PluginManage:359 - Loaded plugin filemanager (category:base,tabindex:10)
2026-04-28 21:37:00,241 [INFO] PluginManage:310 - Check plugin ipmanager
2026-04-28 21:37:00,253 [INFO] PluginManage:359 - Loaded plugin ipmanager (category:base,tabindex:5)
2026-04-28 21:37:00,253 [INFO] PluginManage:310 - Check plugin lpbam
2026-04-28 21:37:00,263 [INFO] PluginManage:359 - Loaded plugin lpbam (category:base,tabindex:0)
2026-04-28 21:37:00,263 [INFO] PluginManage:310 - Check plugin memorymap
2026-04-28 21:37:00,280 [INFO] PluginManage:359 - Loaded plugin memorymap (category:base,tabindex:4)
2026-04-28 21:37:00,281 [INFO] PluginManage:310 - Check plugin pinoutandconfiguration
2026-04-28 21:37:00,291 [INFO] PluginManage:359 - Loaded plugin pinoutandconfiguration (category:base,tabindex:1)
2026-04-28 21:37:00,291 [INFO] PluginManage:310 - Check plugin pinoutconfig
2026-04-28 21:37:00,374 [WARN] SupportedApi:132 - Cannot load RTOS API schema: s4s-elt-must-match.1: The content of 'definitions' must match (annotation?, (simpleType | complexType)?, (unique | key | keyref)*)). A problem was found starting at: attribute.
2026-04-28 21:37:00,508 [INFO] PluginManage:359 - Loaded plugin pinoutconfig (category:base,tabindex:0)
2026-04-28 21:37:00,508 [INFO] PluginManage:310 - Check plugin power
2026-04-28 21:37:00,518 [INFO] PluginManage:359 - Loaded plugin power (category:power,tabindex:4)
2026-04-28 21:37:00,518 [INFO] PluginManage:310 - Check plugin projectmanager
2026-04-28 21:37:00,535 [INFO] PluginManage:359 - Loaded plugin projectmanager (category:projectmanager,tabindex:4)
2026-04-28 21:37:00,536 [INFO] PluginManage:310 - Check plugin rif
2026-04-28 21:37:00,545 [INFO] PluginManage:359 - Loaded plugin rif (category:base,tabindex:3)
2026-04-28 21:37:00,545 [INFO] PluginManage:310 - Check plugin thirdparty
2026-04-28 21:37:00,718 [WARN] IntegrityCheckThread:84 - waiting for thirdparty lock release [integrity check]
2026-04-28 21:37:00,719 [INFO] IntegrityCheckThread:86 - entering critical section [integrity check]
2026-04-28 21:37:00,719 [INFO] PluginManage:359 - Loaded plugin thirdparty (category:base,tabindex:-1)
2026-04-28 21:37:00,719 [INFO] PluginManage:310 - Check plugin tools
2026-04-28 21:37:00,719 [INFO] ThirdPartyUpdaterWithRetryManager:70 - Updater plugin not ready yet. [1/15]
2026-04-28 21:37:00,723 [INFO] PluginManage:359 - Loaded plugin tools (category:base,tabindex:7)
2026-04-28 21:37:00,723 [INFO] PluginManage:310 - Check plugin tutovideos
2026-04-28 21:37:00,944 [INFO] PluginManage:359 - Loaded plugin tutovideos (category:base,tabindex:-1)
2026-04-28 21:37:00,945 [INFO] PluginManage:310 - Check plugin updater
2026-04-28 21:37:00,965 [INFO] PluginManage:359 - Loaded plugin updater (category:base,tabindex:12)
2026-04-28 21:37:00,966 [INFO] PluginManage:310 - Check plugin userauth
2026-04-28 21:37:00,970 [INFO] UserAuth:118 - Init User Auth plugin
2026-04-28 21:37:00,971 [INFO] PluginManage:359 - Loaded plugin userauth (category:base,tabindex:14)
2026-04-28 21:37:00,972 [INFO] PluginManage:283 - PluginManage : Loaded plugins [18]
2026-04-28 21:37:01,191 [INFO] PinOutPanel:1589 - setPackage(No Configuration,No Configuration)
2026-04-28 21:37:01,289 [INFO] CADModel:165 - CPN selected for project level
2026-04-28 21:37:01,289 [INFO] CADModel:114 - Register for checkConnection events
2026-04-28 21:37:01,309 [INFO] IPUIPlugin:80 - create IPUIPlugin
2026-04-28 21:37:01,309 [INFO] PluginManager:220 - loadIPPluginJar : add adc
2026-04-28 21:37:01,313 [INFO] IPUIPlugin:80 - create IPUIPlugin
2026-04-28 21:37:01,313 [INFO] PluginManager:220 - loadIPPluginJar : add aes
2026-04-28 21:37:01,316 [INFO] IPUIPlugin:80 - create IPUIPlugin
2026-04-28 21:37:01,316 [INFO] PluginManager:220 - loadIPPluginJar : add can
2026-04-28 21:37:01,320 [INFO] IPUIPlugin:80 - create IPUIPlugin
2026-04-28 21:37:01,320 [INFO] PluginManager:220 - loadIPPluginJar : add comp
2026-04-28 21:37:01,322 [INFO] IPUIPlugin:80 - create IPUIPlugin
2026-04-28 21:37:01,322 [INFO] PluginManager:220 - loadIPPluginJar : add cryp
2026-04-28 21:37:01,326 [INFO] IPUIPlugin:80 - create IPUIPlugin
2026-04-28 21:37:01,326 [INFO] PluginManager:220 - loadIPPluginJar : add ddr_ctrl_phy
2026-04-28 21:37:01,328 [INFO] IPUIPlugin:80 - create IPUIPlugin
2026-04-28 21:37:01,328 [INFO] PluginManager:220 - loadIPPluginJar : add dfsdm
2026-04-28 21:37:01,334 [INFO] IPUIPlugin:80 - create IPUIPlugin
2026-04-28 21:37:01,335 [INFO] PluginManager:220 - loadIPPluginJar : add dma
2026-04-28 21:37:01,337 [INFO] IPUIPlugin:80 - create IPUIPlugin
2026-04-28 21:37:01,337 [INFO] PluginManager:220 - loadIPPluginJar : add dma3
2026-04-28 21:37:01,340 [INFO] IPUIPlugin:80 - create IPUIPlugin
2026-04-28 21:37:01,340 [INFO] PluginManager:220 - loadIPPluginJar : add extmemmanager
2026-04-28 21:37:01,342 [INFO] IPUIPlugin:80 - create IPUIPlugin
2026-04-28 21:37:01,342 [INFO] PluginManager:220 - loadIPPluginJar : add fatfs
2026-04-28 21:37:01,347 [INFO] IPUIPlugin:80 - create IPUIPlugin
2026-04-28 21:37:01,347 [INFO] PluginManager:220 - loadIPPluginJar : add fmc
2026-04-28 21:37:01,353 [INFO] IPUIPlugin:80 - create IPUIPlugin
2026-04-28 21:37:01,353 [INFO] PluginManager:220 - loadIPPluginJar : add freertos
2026-04-28 21:37:01,355 [INFO] IPUIPlugin:80 - create IPUIPlugin
2026-04-28 21:37:01,355 [INFO] PluginManager:220 - loadIPPluginJar : add genericplugin
2026-04-28 21:37:01,357 [INFO] IPUIPlugin:80 - create IPUIPlugin
2026-04-28 21:37:01,357 [INFO] PluginManager:220 - loadIPPluginJar : add gfxmmu
2026-04-28 21:37:01,361 [INFO] IPUIPlugin:80 - create IPUIPlugin
2026-04-28 21:37:01,361 [INFO] PluginManager:220 - loadIPPluginJar : add gic
2026-04-28 21:37:01,365 [INFO] IPUIPlugin:80 - create IPUIPlugin
2026-04-28 21:37:01,365 [INFO] PluginManager:220 - loadIPPluginJar : add gpio
2026-04-28 21:37:01,367 [INFO] IPUIPlugin:80 - create IPUIPlugin
2026-04-28 21:37:01,368 [INFO] PluginManager:220 - loadIPPluginJar : add gtzc
2026-04-28 21:37:01,370 [INFO] IPUIPlugin:80 - create IPUIPlugin
2026-04-28 21:37:01,370 [INFO] PluginManager:220 - loadIPPluginJar : add hash
2026-04-28 21:37:01,373 [INFO] IPUIPlugin:80 - create IPUIPlugin
2026-04-28 21:37:01,373 [INFO] PluginManager:220 - loadIPPluginJar : add i2c
2026-04-28 21:37:01,376 [INFO] IPUIPlugin:80 - create IPUIPlugin
2026-04-28 21:37:01,376 [INFO] PluginManager:220 - loadIPPluginJar : add i2s
2026-04-28 21:37:01,379 [INFO] IPUIPlugin:80 - create IPUIPlugin
2026-04-28 21:37:01,379 [INFO] PluginManager:220 - loadIPPluginJar : add i3c
2026-04-28 21:37:01,382 [INFO] IPUIPlugin:80 - create IPUIPlugin
2026-04-28 21:37:01,383 [INFO] PluginManager:220 - loadIPPluginJar : add ipddr
2026-04-28 21:37:01,390 [INFO] IPUIPlugin:80 - create IPUIPlugin
2026-04-28 21:37:01,390 [INFO] PluginManager:220 - loadIPPluginJar : add linkedlist
2026-04-28 21:37:01,393 [INFO] IPUIPlugin:80 - create IPUIPlugin
2026-04-28 21:37:01,393 [INFO] PluginManager:220 - loadIPPluginJar : add lorawan
2026-04-28 21:37:01,395 [INFO] IPUIPlugin:80 - create IPUIPlugin
2026-04-28 21:37:01,395 [INFO] PluginManager:220 - loadIPPluginJar : add ltdc
2026-04-28 21:37:01,401 [INFO] IPUIPlugin:80 - create IPUIPlugin
2026-04-28 21:37:01,402 [INFO] PluginManager:220 - loadIPPluginJar : add mdma
2026-04-28 21:37:01,406 [INFO] IPUIPlugin:80 - create IPUIPlugin
2026-04-28 21:37:01,406 [INFO] PluginManager:220 - loadIPPluginJar : add nvic
2026-04-28 21:37:01,410 [INFO] IPUIPlugin:80 - create IPUIPlugin
2026-04-28 21:37:01,411 [INFO] PluginManager:220 - loadIPPluginJar : add opamp
2026-04-28 21:37:01,414 [INFO] IPUIPlugin:80 - create IPUIPlugin
2026-04-28 21:37:01,414 [INFO] PluginManager:220 - loadIPPluginJar : add openamp
2026-04-28 21:37:01,417 [INFO] IPUIPlugin:80 - create IPUIPlugin
2026-04-28 21:37:01,417 [INFO] PluginManager:220 - loadIPPluginJar : add pdm2pcm
2026-04-28 21:37:01,422 [INFO] IPUIPlugin:80 - create IPUIPlugin
2026-04-28 21:37:01,425 [INFO] PluginManager:220 - loadIPPluginJar : add plateformsettings
2026-04-28 21:37:01,426 [INFO] IPUIPlugin:80 - create IPUIPlugin
2026-04-28 21:37:01,426 [INFO] PluginManager:220 - loadIPPluginJar : add quadspi
2026-04-28 21:37:01,429 [INFO] IPUIPlugin:80 - create IPUIPlugin
2026-04-28 21:37:01,430 [INFO] PluginManager:220 - loadIPPluginJar : add radio
2026-04-28 21:37:01,435 [INFO] IPUIPlugin:80 - create IPUIPlugin
2026-04-28 21:37:01,435 [INFO] PluginManager:220 - loadIPPluginJar : add resmgrutility
2026-04-28 21:37:01,439 [INFO] IPUIPlugin:80 - create IPUIPlugin
2026-04-28 21:37:01,439 [INFO] PluginManager:220 - loadIPPluginJar : add sai
2026-04-28 21:37:01,443 [INFO] IPUIPlugin:80 - create IPUIPlugin
2026-04-28 21:37:01,444 [INFO] PluginManager:220 - loadIPPluginJar : add spi
2026-04-28 21:37:01,449 [INFO] IPUIPlugin:80 - create IPUIPlugin
2026-04-28 21:37:01,450 [INFO] PluginManager:220 - loadIPPluginJar : add stm32_wpan
2026-04-28 21:37:01,451 [INFO] IPUIPlugin:80 - create IPUIPlugin
2026-04-28 21:37:01,451 [INFO] PluginManager:220 - loadIPPluginJar : add tim
2026-04-28 21:37:01,455 [INFO] IPUIPlugin:80 - create IPUIPlugin
2026-04-28 21:37:01,455 [INFO] PluginManager:220 - loadIPPluginJar : add touchsensing
2026-04-28 21:37:01,457 [INFO] IPUIPlugin:80 - create IPUIPlugin
2026-04-28 21:37:01,457 [INFO] PluginManager:220 - loadIPPluginJar : add tracer_emb
2026-04-28 21:37:01,460 [INFO] IPUIPlugin:80 - create IPUIPlugin
2026-04-28 21:37:01,461 [INFO] PluginManager:220 - loadIPPluginJar : add ts
2026-04-28 21:37:01,463 [INFO] IPUIPlugin:80 - create IPUIPlugin
2026-04-28 21:37:01,463 [INFO] PluginManager:220 - loadIPPluginJar : add tsc
2026-04-28 21:37:01,466 [INFO] IPUIPlugin:80 - create IPUIPlugin
2026-04-28 21:37:01,466 [INFO] PluginManager:220 - loadIPPluginJar : add ucpd
2026-04-28 21:37:01,468 [INFO] IPUIPlugin:80 - create IPUIPlugin
2026-04-28 21:37:01,468 [INFO] PluginManager:220 - loadIPPluginJar : add usart
2026-04-28 21:37:01,472 [INFO] IPUIPlugin:80 - create IPUIPlugin
2026-04-28 21:37:01,473 [INFO] PluginManager:220 - loadIPPluginJar : add usbx
2026-04-28 21:37:01,599 [FATAL] Updater:351 - Updater called before beeing initialized
2026-04-28 21:37:01,631 [INFO] RulesReader:64 - Compatibility file has been processed (317 Rules)
2026-04-28 21:37:01,645 [INFO] RulesReader:64 - Compatibility file has been processed (317 Rules)
2026-04-28 21:37:01,655 [INFO] CADModel:165 - CPN selected for project level
2026-04-28 21:37:01,656 [INFO] CADModel:114 - Register for checkConnection events
2026-04-28 21:37:01,656 [FATAL] Updater:351 - Updater called before beeing initialized
2026-04-28 21:37:01,656 [ERROR] CADModel:125 - Updater not yet initialized, retry later 
2026-04-28 21:37:01,815 [FATAL] Updater:351 - Updater called before beeing initialized
2026-04-28 21:37:01,816 [INFO] CADModel:165 - CPN selected for project level
2026-04-28 21:37:01,817 [INFO] CADModel:114 - Register for checkConnection events
2026-04-28 21:37:01,817 [FATAL] Updater:351 - Updater called before beeing initialized
2026-04-28 21:37:01,817 [ERROR] CADModel:125 - Updater not yet initialized, retry later 
2026-04-28 21:37:01,820 [FATAL] Updater:351 - Updater called before beeing initialized
2026-04-28 21:37:01,927 [FATAL] Updater:351 - Updater called before beeing initialized
2026-04-28 21:37:01,931 [INFO] DbMcusAds:53 - JSON generation date=Mon Apr 27 10:14:29 GMT+02:00 2026 (1777277669683)
2026-04-28 21:37:01,931 [FATAL] Updater:351 - Updater called before beeing initialized
2026-04-28 21:37:01,968 [WARN] DetailPanel:346 - Failed to get advertising image, set to default
2026-04-28 21:37:02,056 [FATAL] Updater:351 - Updater called before beeing initialized
2026-04-28 21:37:02,057 [FATAL] Updater:351 - Updater called before beeing initialized
2026-04-28 21:37:02,058 [FATAL] Updater:351 - Updater called before beeing initialized
2026-04-28 21:37:02,058 [WARN] DetailPanel:346 - Failed to get advertising image, set to default
2026-04-28 21:37:02,058 [FATAL] Updater:351 - Updater called before beeing initialized
2026-04-28 21:37:02,104 [ERROR] Updater:1198 - MainUpdater not yet initialized. External WinMGr cannot be set.
2026-04-28 21:37:02,105 [INFO] Updater:1134 - Updater Version found : 6.15.0
2026-04-28 21:37:02,125 [INFO] ApplicationProperties:184 - Using Application install path: C:\ST\STM32CubeIDE_1.19.0\STM32CubeIDE\plugins\com.st.stm32cube.common.mx_6.15.0.202507011659
2026-04-28 21:37:02,970 [INFO] MainUpdater:2872 - connection check result : 10
2026-04-28 21:37:02,972 [INFO] MainUpdater:289 - Updater Check For Update Now.
2026-04-28 21:37:02,972 [INFO] MicroXplorer:498 - Change Database Version : DB.6.0.150
2026-04-28 21:37:03,000 [INFO] McuFinderGlobals:63 - Set McuFinder mode to 2 (CubeIDE integrated)
2026-04-28 21:37:03,000 [INFO] UserAuth:487 - Internet connection configuration mode: 1
2026-04-28 21:37:03,050 [INFO] JxBrowserEngine:152 - Initiate JxBrowser Engine with user profile folder
2026-04-28 21:37:03,173 [INFO] CheckServerUpdateThread:120 - End of CheckServer Thread
2026-04-28 21:37:04,520 [WARN] PackLoader:240 - Cannot read IP mode file for STMicroelectronics.X-CUBE-AZRTOS-H7.3.5.0
2026-04-28 21:37:04,535 [WARN] PackLoader:240 - Cannot read IP mode file for STMicroelectronics.FP-SNS-MOTENVWB1.1.4.0
2026-04-28 21:37:04,567 [WARN] PackLoader:240 - Cannot read IP mode file for STMicroelectronics.FP-ATR-ASTRA1.2.0.2
2026-04-28 21:37:04,587 [WARN] PackLoader:240 - Cannot read IP mode file for STMicroelectronics.X-CUBE-SMBUS.2.1.0
2026-04-28 21:37:04,592 [WARN] PackLoader:240 - Cannot read IP mode file for STMicroelectronics.X-CUBE-ST60.1.0.0
2026-04-28 21:37:04,611 [WARN] PackLoader:240 - Cannot read IP mode file for STMicroelectronics.X-CUBE-AZRTOS-F7.1.1.0
2026-04-28 21:37:04,617 [WARN] PackLoader:240 - Cannot read IP mode file for Cesanta.I-CUBE-Mongoose.7.19.0
2026-04-28 21:37:04,622 [WARN] PackLoader:240 - Cannot read IP mode file for STMicroelectronics.FP-SNS-MOTENV1.5.1.0
2026-04-28 21:37:04,634 [WARN] PackLoader:240 - Cannot read IP mode file for WES.I-CUBE-Cesium.1.4.0
2026-04-28 21:37:04,652 [WARN] PackLoader:240 - Cannot read IP mode file for Infineon.AIROC-Wi-Fi-Bluetooth-STM32.1.7.1
2026-04-28 21:37:04,673 [WARN] PackLoader:240 - Cannot read IP mode file for STMicroelectronics.X-CUBE-AZRTOS-H7.3.4.0
2026-04-28 21:37:04,681 [WARN] PackLoader:240 - Cannot read IP mode file for STMicroelectronics.X-CUBE-DISPLAY.3.0.0
2026-04-28 21:37:04,691 [WARN] PackLoader:240 - Cannot read IP mode file for STMicroelectronics.X-CUBE-GNSS1.7.1.1
2026-04-28 21:37:04,695 [WARN] PackLoader:240 - Cannot read IP mode file for STMicroelectronics.FP-SNS-MOTENVWB1.1.5.0
2026-04-28 21:37:04,699 [WARN] PackLoader:240 - Cannot read IP mode file for STMicroelectronics.X-CUBE-NFC10.1.0.0
2026-04-28 21:37:04,704 [WARN] PackLoader:240 - Cannot read IP mode file for STMicroelectronics.X-CUBE-ST60.1.1.0
2026-04-28 21:37:04,716 [WARN] PackLoader:240 - Cannot read IP mode file for emotas.I-CUBE-CANOPEN.1.3.0
2026-04-28 21:37:04,721 [WARN] PackLoader:240 - Cannot read IP mode file for STMicroelectronics.X-CUBE-GNSS1.7.1.0
2026-04-28 21:37:04,726 [INFO] WebApp:169 - Instantiating new browser for Auth
2026-04-28 21:37:04,727 [WARN] PackLoader:240 - Cannot read IP mode file for STMicroelectronics.FP-SNS-STBOX1.2.1.0
2026-04-28 21:37:04,733 [WARN] PackLoader:240 - Cannot read IP mode file for STMicroelectronics.FP-SNS-SMARTAG2.1.2.0
2026-04-28 21:37:04,738 [WARN] PackLoader:240 - Cannot read IP mode file for STMicroelectronics.FP-SNS-FLIGHT1.5.1.0
2026-04-28 21:37:04,746 [INFO] LogOutputStream:77 - [STDOUT_REDIRECT] 1 : Invalid condition id : UX_CORESTACK_Condition cause : null
2026-04-28 21:37:04,749 [INFO] LogOutputStream:77 - [STDOUT_REDIRECT] 1 : Invalid condition id : UX_CORESTACK_Condition cause : null
2026-04-28 21:37:04,750 [INFO] LogOutputStream:77 - [STDOUT_REDIRECT] 1 : Invalid condition id : UX_CORESTACK_Condition cause : null
2026-04-28 21:37:04,752 [INFO] LogOutputStream:77 - [STDOUT_REDIRECT] 1 : Invalid condition id : UX_CORESTACK_Condition cause : null
2026-04-28 21:37:04,754 [INFO] LogOutputStream:77 - [STDOUT_REDIRECT] 1 : Invalid condition id : UX_CORESTACK_Condition cause : null
2026-04-28 21:37:04,756 [WARN] PackLoader:240 - Cannot read IP mode file for STMicroelectronics.X-CUBE-AZRTOS-WL.2.0.0
2026-04-28 21:37:04,762 [WARN] PackLoader:240 - Cannot read IP mode file for STMicroelectronics.FP-SNS-MOTENV1.5.0.0
2026-04-28 21:37:04,785 [WARN] PackLoader:240 - Cannot read IP mode file for STMicroelectronics.X-CUBE-AZRTOS-H7RS.1.2.0
2026-04-28 21:37:04,799 [WARN] PackLoader:240 - Cannot read IP mode file for STMicroelectronics.X-CUBE-BLE2.3.3.0
2026-04-28 21:37:04,883 [WARN] PackLoader:240 - Cannot read IP mode file for STMicroelectronics.X-CUBE-NFC9.1.0.0
2026-04-28 21:37:04,891 [WARN] PackLoader:240 - Cannot read IP mode file for wolfSSL.I-CUBE-wolfSSL.5.8.2
2026-04-28 21:37:04,900 [WARN] PackLoader:240 - Cannot read IP mode file for STMicroelectronics.X-CUBE-BLE1.7.1.0
2026-04-28 21:37:04,903 [WARN] PackLoader:240 - Cannot read IP mode file for wolfSSL.I-CUBE-wolfMQTT.1.19.2
2026-04-28 21:37:04,914 [WARN] PackLoader:240 - Cannot read IP mode file for STMicroelectronics.X-CUBE-FREERTOS.1.4.0
2026-04-28 21:37:04,930 [WARN] PackLoader:240 - Cannot read IP mode file for STMicroelectronics.X-CUBE-EEPRMA1.5.2.0
2026-04-28 21:37:04,938 [WARN] PackLoader:240 - Cannot read IP mode file for STMicroelectronics.X-CUBE-ST67W61.1.1.0
2026-04-28 21:37:04,948 [WARN] PackLoader:240 - Cannot read IP mode file for STMicroelectronics.FP-SNS-STAIOTCFT.1.1.0
2026-04-28 21:37:04,983 [WARN] PackLoader:240 - Cannot read IP mode file for STMicroelectronics.X-CUBE-MEMS1.12.0.0
2026-04-28 21:37:05,057 [WARN] PackLoader:240 - Cannot read IP mode file for STMicroelectronics.X-CUBE-AZRTOS-G0.1.1.0
2026-04-28 21:37:05,064 [WARN] PackLoader:240 - Cannot read IP mode file for STMicroelectronics.X-CUBE-SAFEA1.1.2.2
2026-04-28 21:37:05,070 [WARN] PackLoader:240 - Cannot read IP mode file for STMicroelectronics.X-CUBE-NFC4.3.0.0
2026-04-28 21:37:05,076 [WARN] PackLoader:240 - Cannot read IP mode file for EmbeddedOffice.I-CUBE-FS-RTOS.1.0.1
2026-04-28 21:37:05,087 [WARN] PackLoader:240 - Cannot read IP mode file for STMicroelectronics.X-CUBE-WB05N.2.0.0
2026-04-28 21:37:05,094 [WARN] PackLoader:240 - Cannot read IP mode file for wolfSSL.I-CUBE-wolfTPM.3.8.0
2026-04-28 21:37:05,103 [WARN] PackLoader:240 - Cannot read IP mode file for STMicroelectronics.X-CUBE-TCPP.4.2.0
2026-04-28 21:37:05,114 [WARN] PackLoader:240 - Cannot read IP mode file for RealThread.X-CUBE-RT-Thread_Nano.4.1.1
2026-04-28 21:37:05,122 [WARN] PackLoader:240 - Cannot read IP mode file for STMicroelectronics.FP-ATR-SIGFOX1.3.2.0
2026-04-28 21:37:05,133 [WARN] PackLoader:240 - Cannot read IP mode file for STMicroelectronics.X-CUBE-FREERTOS.1.5.0
2026-04-28 21:37:05,143 [WARN] PackLoader:240 - Cannot read IP mode file for ITTIA_DB.I-CUBE-ITTIADB.8.9.0
2026-04-28 21:37:05,155 [WARN] PackLoader:240 - Cannot read IP mode file for STMicroelectronics.X-CUBE-NFC6.3.2.0
2026-04-28 21:37:05,167 [WARN] PackLoader:240 - Cannot read IP mode file for STMicroelectronics.X-CUBE-ST67W61.1.0.0
2026-04-28 21:37:05,178 [WARN] PackLoader:240 - Cannot read IP mode file for STMicroelectronics.X-CUBE-AI.10.2.0
2026-04-28 21:37:05,205 [WARN] PackLoader:240 - Cannot read IP mode file for STMicroelectronics.X-CUBE-MEMS1.12.1.0
2026-04-28 21:37:05,340 [WARN] PackLoader:240 - Cannot read IP mode file for SEGGER.I-CUBE-embOS.1.3.1
2026-04-28 21:37:05,383 [WARN] PackLoader:240 - Cannot read IP mode file for STMicroelectronics.X-CUBE-ALGOBUILD.1.4.0
2026-04-28 21:37:05,416 [WARN] PackLoader:240 - Cannot read IP mode file for STMicroelectronics.X-CUBE-MEMS1.11.3.0
2026-04-28 21:37:05,487 [WARN] PackLoader:240 - Cannot read IP mode file for STMicroelectronics.X-CUBE-PM33A1.1.0.0
2026-04-28 21:37:05,497 [WARN] PackLoader:240 - Cannot read IP mode file for STMicroelectronics.X-CUBE-AZRTOS-F4.1.1.0
2026-04-28 21:37:05,502 [WARN] PackLoader:240 - Cannot read IP mode file for STMicroelectronics.X-CUBE-ISPU.2.1.0
2026-04-28 21:37:05,511 [WARN] PackLoader:240 - Cannot read IP mode file for STMicroelectronics.X-CUBE-IPS.3.2.0
2026-04-28 21:37:05,517 [WARN] PackLoader:240 - Cannot read IP mode file for STMicroelectronics.eDS-WB_DPC_TT-BIDIR.2.1.1
2026-04-28 21:37:05,522 [WARN] PackLoader:240 - Cannot read IP mode file for STMicroelectronics.X-CUBE-NFC12.1.0.0
2026-04-28 21:37:05,531 [WARN] PackLoader:240 - Cannot read IP mode file for STMicroelectronics.X-CUBE-AZRTOS-L5.2.0.0
2026-04-28 21:37:05,536 [WARN] PackLoader:240 - Cannot read IP mode file for STMicroelectronics.X-CUBE-NFC6.3.1.0
2026-04-28 21:37:05,542 [WARN] PackLoader:240 - Cannot read IP mode file for STMicroelectronics.eDS-WB_DPC_VIENNA.1.2.0
2026-04-28 21:37:05,546 [WARN] PackLoader:240 - Cannot read IP mode file for STMicroelectronics.eDS-WB_DPC_3PH2L-BIDIR.1.1.1
2026-04-28 21:37:05,550 [ERROR] Engine:466 - C:\Users\khale\.stm32cubemx\thirdparties\pdsc\STMicroelectronics.X-CUBE-ST67W61.1.3.0.pdsc: PDSC version is not supported
2026-04-28 21:37:05,554 [WARN] PackLoader:240 - Cannot read IP mode file for STMicroelectronics.X-CUBE-FREERTOS.1.3.1
2026-04-28 21:37:05,563 [WARN] PackLoader:240 - Cannot read IP mode file for STMicroelectronics.X-CUBE-TOUCHGFX.4.26.0
2026-04-28 21:37:05,566 [WARN] PackLoader:240 - Cannot read IP mode file for STMicroelectronics.X-CUBE-TOUCHGFX.4.26.1
2026-04-28 21:37:05,569 [WARN] PackLoader:240 - Cannot read IP mode file for STMicroelectronics.FP-SNS-STAIOTCFT.1.0.0
2026-04-28 21:37:05,573 [WARN] PackLoader:240 - Cannot read IP mode file for STMicroelectronics.X-CUBE-DPower.1.3.0
2026-04-28 21:37:05,584 [WARN] ConditionMgr:438 - getConditionDescription Invalid condition id : LAN8742 Phy interface Condition cause : null
2026-04-28 21:37:05,584 [WARN] PackLoader:240 - Cannot read IP mode file for STMicroelectronics.X-CUBE-AZRTOS-L4.2.0.0
2026-04-28 21:37:05,589 [WARN] ConditionMgr:1044 - genDependencies : Invalid condition id : LAN8742 Phy interface Condition cause : null
2026-04-28 21:37:05,589 [WARN] ConditionMgr:1044 - genDependencies : Invalid condition id : LAN8742 Phy interface Condition cause : null
2026-04-28 21:37:05,589 [WARN] ConditionMgr:1044 - genDependencies : Invalid condition id : LAN8742 Phy interface Condition cause : null
2026-04-28 21:37:05,595 [WARN] PackLoader:240 - Cannot read IP mode file for STMicroelectronics.X-CUBE-SFXS2LP1.4.0.0
2026-04-28 21:37:05,599 [WARN] PackLoader:240 - Cannot read IP mode file for STMicroelectronics.X-CUBE-WB05N.2.1.0
2026-04-28 21:37:05,606 [WARN] PackLoader:240 - Cannot read IP mode file for STMicroelectronics.X-CUBE-BLEMGR.4.1.0
2026-04-28 21:37:05,615 [WARN] ConditionMgr:438 - getConditionDescription Invalid condition id : UX DEVICE CLASS RTOS Condition cause : null
2026-04-28 21:37:05,615 [WARN] ConditionMgr:438 - getConditionDescription Invalid condition id : UX DEVICE CLASS RTOS Condition cause : null
2026-04-28 21:37:05,616 [WARN] PackLoader:240 - Cannot read IP mode file for STMicroelectronics.X-CUBE-AZRTOS-WB.2.0.0
2026-04-28 21:37:05,617 [WARN] ConditionMgr:1044 - genDependencies : Invalid condition id : UX DEVICE CLASS RTOS Condition cause : null
2026-04-28 21:37:05,617 [WARN] ConditionMgr:1044 - genDependencies : Invalid condition id : UX DEVICE CLASS RTOS Condition cause : null
2026-04-28 21:37:05,617 [WARN] ConditionMgr:1044 - genDependencies : Invalid condition id : UX DEVICE CLASS RTOS Condition cause : null
2026-04-28 21:37:05,617 [WARN] ConditionMgr:1044 - genDependencies : Invalid condition id : UX DEVICE CLASS RTOS Condition cause : null
2026-04-28 21:37:05,617 [WARN] ConditionMgr:1044 - genDependencies : Invalid condition id : UX DEVICE CLASS RTOS Condition cause : null
2026-04-28 21:37:05,622 [WARN] PackLoader:240 - Cannot read IP mode file for STMicroelectronics.X-CUBE-GNSS1.7.0.1
2026-04-28 21:37:05,626 [WARN] ConditionMgr:438 - getConditionDescription Invalid condition id : Cortex-A Device cause : null
2026-04-28 21:37:05,639 [WARN] ConditionMgr:1044 - genDependencies : Invalid condition id : Cortex-A Device cause : null
2026-04-28 21:37:05,639 [WARN] ConditionMgr:1044 - genDependencies : Invalid condition id : Cortex-A Device cause : null
2026-04-28 21:37:05,639 [WARN] ConditionMgr:1044 - genDependencies : Invalid condition id : Cortex-A Device cause : null
2026-04-28 21:37:05,644 [WARN] PackLoader:240 - Cannot read IP mode file for STMicroelectronics.X-CUBE-STSE01.2.0.0
2026-04-28 21:37:05,651 [WARN] PackLoader:240 - Cannot read IP mode file for STMicroelectronics.X-CUBE-SUBG2.5.0.0
2026-04-28 21:37:05,662 [WARN] PackLoader:240 - Cannot read IP mode file for STMicroelectronics.X-CUBE-AZRTOS-H7RS.1.1.0
2026-04-28 21:37:05,673 [WARN] PackLoader:240 - Cannot read IP mode file for STMicroelectronics.X-CUBE-AZRTOS-G4.2.0.0
2026-04-28 21:37:05,678 [WARN] PackLoader:240 - Cannot read IP mode file for wolfSSL.I-CUBE-wolfSSH.1.4.20
2026-04-28 21:37:05,681 [WARN] PackLoader:240 - Cannot read IP mode file for STMicroelectronics.X-CUBE-NFC7.2.0.0
2026-04-28 21:37:05,687 [WARN] PackLoader:240 - Cannot read IP mode file for STMicroelectronics.X-CUBE-IPS.3.1.0
2026-04-28 21:37:05,692 [WARN] PackLoader:240 - Cannot read IP mode file for STMicroelectronics.X-CUBE-ALS.1.0.2
2026-04-28 21:37:05,697 [WARN] PackLoader:240 - Cannot read IP mode file for STMicroelectronics.X-CUBE-STSE01.1.0.0
2026-04-28 21:37:05,703 [WARN] PackLoader:240 - Cannot read IP mode file for STMicroelectronics.X-CUBE-TOF1.3.4.3
2026-04-28 21:37:05,708 [INFO] ThirdParty:978 - Integrity check success = true
2026-04-28 21:37:05,708 [INFO] IntegrityCheckThread:100 - exiting critical section [integrity check]
2026-04-28 21:37:05,708 [INFO] IntegrityCheckThread:103 - End integrity checks thread
2026-04-28 21:37:06,190 [INFO] WebApp:463 - Apply proxy settings
2026-04-28 21:37:06,190 [INFO] WebApp:548 - Chromium requires no authentication
2026-04-28 21:37:06,233 [INFO] WebApp:491 - Direct internet connection detected
2026-04-28 21:37:06,306 [INFO] WebApp:900 - Register for checkConnection events
2026-04-28 21:37:06,307 [INFO] WebApp:463 - Apply proxy settings
2026-04-28 21:37:06,307 [INFO] WebApp:548 - Chromium requires no authentication
2026-04-28 21:37:06,308 [INFO] WebApp:491 - Direct internet connection detected
2026-04-28 21:37:06,576 [INFO] WebApp:191 - Connection restablished
2026-04-28 21:37:06,696 [INFO] WebApp:225 - Starting web application
2026-04-28 21:37:06,696 [INFO] WebApp:593 - Web application path used C:\ST\STM32CubeIDE_1.19.0\STM32CubeIDE\plugins\com.st.stm32cube.common.mx_6.15.0.202507011659\db\plugins\mcufinder\reactClient1\index.html
2026-04-28 21:37:06,807 [INFO] UserAuth:487 - Internet connection configuration mode: 1
